,,소재지도로명주소,소재지지번주소,설치목적구분,카메라대수,설치년월
2017,0,,서울특별시 서대문구 창천동 57-18(창천문화공원),생활방범,6,2009-03
2017,1,,서울특별시 서대문구 홍은1동 11-23(홍박공원),생활방범,8,2009-03
2017,2,,서울특별시 서대문구 홍은2동 405-3(홍남어린이공원),생활방범,5,2009-03
2017,3,,서울특별시 서대문구 홍은2동 421-1(백련어린이공원),생활방범,4,2009-03
2017,4,,서울특별시 서대문구 남가좌2동 326-8(연남어린이공원),생활방범,6,2009-03
2017,5,,서울특별시 서대문구 홍제3동 454-2(홍제근린공원),생활방범,8,2009-08
2017,6,,서울특별시 서대문구 홍은2동 408-4(홍연어린이공원),생활방범,4,2009-12
2017,7,,"서울특별시 서대문구 연희동 산 118(궁동근린공원, 실내체육관)",생활방범,4,2010-02
2017,8,,서울특별시 서대문구 북아현동 210-24(명수어린이공원),생활방범,9,2010-06
2017,9,,서울특별시 서대문구 연희동 73-8(대궐재어린이공원),생활방범,6,2010-06
2017,10,,서울특별시 서대문구 연희동 519-7(연서어린이공원),생활방범,9,2010-06
2017,11,,서울특별시 서대문구 연희동 산 1 (안산도시자연공원),생활방범,6,2010-06
2017,12,,서울특별시 서대문구 홍제3동 287-121(불천어린이공원),생활방범,6,2010-06
2017,13,,서울특별시 서대문구 남가좌2동 376-4(가좌어린이공원),생활방범,8,2010-06
2017,14,,서울특별시 서대문구 북가좌2동 318-1(신가어린이공원),생활방범,6,2010-06
2017,15,,서울특별시 서대문구 연희동 산 118(궁동근린공원. 화장실),생활방범,4,2010-11
2017,16,,서울특별시 서대문구 연희동 산 (안산문화쉼터 방문자센터),생활방범,4,2011-06
2017,17,,서울특별시 서대문구 연희동 산 (안산문화쉼터 벚꽃마당),생활방범,3,2011-06
2017,18,,서울특별시 서대문구 연희동 산 (안산문화쉼터 숲속쉼터),생활방범,3,2011-06
2017,19,,서울특별시 서대문구 백련근린공원(화장실),생활방범,4,2012-01
2017,20,,서울특별시 서대문구 백련근린공원(논골마당),생활방범,4,2012-01
2017,21,,서울특별시 서대문구 백련근린공원(저류지),생활방범,3,2012-01
2017,22,,서울특별시 서대문구 창천근린공원(돌계단),생활방범,4,2012-07
2017,23,,서울특별시 서대문구 창천근린공원(정상),생활방범,4,2012-07
2017,24,,서울특별시 서대문구 안산도시공원(구의회방향),생활방범,3,2012-07
2017,25,,서울특별시 서대문구 안산도시공원(아파트방향),생활방범,3,2012-07
2017,26,,서울특별시 서대문구 안산도시공원(신일교회방향),생활방범,3,2012-07
2017,27,,서울특별시 서대문구 호박골공원(아파트입구),생활방범,3,2012-07
2017,28,,서울특별시 서대문구 호박골공원(배드민턴장),생활방범,3,2012-07
2017,29,,"서울특별시 서대문구 호박골공원(축구장,회전형)",생활방범,1,2012-07
2017,30,,"서울특별시 서대문구 호박골공원(놀이시설,회전형)",생활방범,1,2012-07
2017,31,,서울특별시 서대문구 호박골공원(관리사무소),생활방범,2,2012-07
2017,32,,서울특별시 서대문구 호박골공원(주택입구),생활방범,3,2012-07
2017,33,,서울특별시 서대문구 배롱나무쉼터,생활방범,2,2012-07
2017,34,,서울특별시 서대문구 안산자락길(화장실),생활방범,3,2013-10
2017,35,,서울특별시 서대문구 안산자락길(북카페),생활방범,2,2013-10
2017,36,,서울특별시 서대문구 고은산공원(계단입구),생활방범,2,2013-10
2017,37,,"서울특별시 서대문구 고은산공원(놀이시설, 배드민턴)",생활방범,3,2013-10
2017,38,,서울특별시 서대문구 호박골공원(놀이시설 입구),생활방범,3,2013-10
2017,39,,서울특별시 서대문구 은가어린이공원(정자),생활방범,2,2013-10
2017,40,,서울특별시 서대문구 은가어린이공원(입구),생활방범,2,2013-10
2017,41,,서울특별시 서대문구 모랫재공원,생활방범,2,2013-10
2017,42,,서울특별시 서대문구 궁말어린이공원(놀이시설),생활방범,2,2013-10
2017,43,,서울특별시 서대문구 궁말어린이공원(입구),생활방범,2,2013-10
2017,44,,서울특별시 서대문구 거꾸로어린이공원,생활방범,2,2013-10
2017,45,,서울특별시 서대문구 백련근린공원 자연체험장 (입구),생활방범,1,2013-12
2017,46,,서울특별시 서대문구 백련근린공원 자연체험장 (체육시설),생활방범,1,2013-12
2017,47,,서울특별시 서대문구 백련근린공원 자연체험장 (갈림길),생활방범,1,2013-12
2017,48,,서울특별시 서대문구 백련근린공원 자연체험장 (육각정),생활방범,1,2013-12
2017,49,,서울특별시 서대문구 백련근린공원 자연체험장 (원두막),생활방범,1,2013-12
2017,50,,서울특별시 서대문구 나비울어린이공원(기부채납),생활방범,4,2014-01
2017,51,,서울특별시 서대문구 봉원소공원,생활방범,3,2014-07
2017,52,,서울특별시 서대문구 복주우물공원,생활방범,2,2014-07
2017,53,,"서울특별시 서대문구 중앙근린공원(정자4,도서관1,화장실2,공터)",생활방범,8,2012-11
2017,54,,서울특별시 서대문구 중앙근린공원 (가재울4구역),생활방범,9,2016-09
2017,55,,서울특별시 서대문구 안산도시자연공원(화장실 앞),생활방범,2,2014-11
2017,56,,서울특별시 서대문구 안산자락길(숲속무대 화장실 앞),생활방범,3,2014-11
2017,57,,서울특별시 서대문구 궁동근린공원 (어린이놀이터),생활방범,1,2014-11
2017,58,,서울특별시 서대문구 궁동근린공원 (어린이놀이터),생활방범,4,2015-04
2017,59,,서울특별시 서대문구 북한산도시자연공원(홍은동 8-637일대),생활방범,2,2014-11
2017,60,,서울특별시 서대문구 인왕산도시자연공원 (개미마을 어린이놀이터),생활방범,3,2015-04
2017,61,,서울특별시 서대문구 인왕산도시자연공원 (쌈지마당 어린이놀이터),생활방범,4,2015-04
2017,62,,서울특별시 서대문구 창천골목공원,생활방범,1,2015-11
2017,63,,서울특별시 서대문구 창천골목공원,생활방범,2,2015-11
2017,64,,서울특별시 서대문구 연희어린이공원,생활방범,1,2015-11
2017,65,,서울특별시 서대문구 홍연마을마당,생활방범,1,2015-11
2017,66,,서울특별시 서대문구 동구물어린이공원,생활방범,1,2015-11
2017,67,,서울특별시 서대문구 중앙소공원,생활방범,2,2015-11
2017,68,,서울특별시 서대문구 인왕소공원,생활방범,1,2015-11
2017,69,,서울특별시 서대문구 가재울어린이공원,생활방범,1,2015-11
2017,70,,서울특별시 서대문구 무궁화소공원,생활방범,2,2016-07
2017,71,,서울특별시 서대문구 가재어린이공원,생활방범,13,2016-09
2017,72,,서울특별시 서대문구 한울소공원,생활방범,4,2016-09
2017,73,,서울특별시 서대문구 모래내어린이공원,생활방범,8,2016-09
2017,74,,서울특별시 서대문구 복주산근린공원,생활방범,9,2016-10
2017,76,,서울특별시 서대문구 북아현연결녹지공원,생활방범,2,2016-10
2017,77,,서울특별시 서대문구 궁뜰어린이공원,생활방범,2,2016-12
2017,78,,서울특별시 서대문구 상암곡어린이공원,생활방범,1,2016-12
2017,79,,서울특별시 서대문구 고은산전망대,생활방범,3,2016-12
2017,80,,서울특별시 서대문구 문화촌어린이공원,생활방범,2,2016-12
2017,81,,서울특별시 서대문구 홍은동어린이공원,생활방범,2,2016-12
2017,82,,서울특별시 서대문구 백련근린공원 어린이놀이터,생활방범,2,2016-12
2017,83,,서울특별시 서대문구 무궁화동산 화장실,생활방범,3,2016-12
2017,84,,서울특별시 서대문구 북가좌정원지구 어린이공원,생활방범,3,2016-12
2017,85,,서울특별시 서대문구 보은소공원,생활방범,2,2016-12
2017,86,,서울특별시 서대문구 한성어린이공원,생활방범,11,2017-03
2017,87,,서울특별시 서대문구 너른바위 어린이공원,생활방범,11,2017-03
2017,88,,서울특별시 서대문구 북성어린이공원,생활방범,9,2017-03
2017,89,,서울특별시 서대문구 동그라미쉼터,생활방범,6,2017-03
2017,90,,서울특별시 서대문구 너나들이쉼터,생활방범,7,2017-03
2017,91,,서울특별시 서대문구 북아현1-3 공공공지,생활방범,2,2017-03
2017,92,,서울특별시 서대문구 아현역 소공원,생활방범,3,2017-03
2017,93,,서울특별시 서대문구 다람쥐어린이공원,생활방범,2,2017-12
2017,94,,서울특별시 서대문구 둥글레소공원,생활방범,4,2017-12
2017,95,,서울특별시 서대문구 문화공원,생활방범,4,2017-12
2017,96,,서울특별시 서대문구 홍은한마당 화장실,생활방범,2,2017-12
2017,97,,서울특별시 서대문구 홍은12구역 소공원,생활방범,4,2017-12
2017,98,,서울특별시 서대문구 현저동 무악재고개(하늘다리),생활방범,4,2017-12
2017,103,,서울특별시 서대문구 충정로3가 120-2,생활방범,1,2006-04
2017,104,,서울특별시 서대문구 영천동 69-54,생활방범,1,2006-04
2017,105,,서울특별시 서대문구 북아현동 1-696,생활방범,1,2006-04
2017,106,,서울특별시 서대문구 북아현동 3-392,생활방범,1,2006-04
2017,107,,서울특별시 서대문구 북아현동 187-1,생활방범,1,2006-04
2017,108,,서울특별시 서대문구 북아현동 117-29,생활방범,1,2006-04
2017,109,,서울특별시 서대문구 북가좌2동 75-155,생활방범,1,2006-04
2017,110,,서울특별시 서대문구 북아현동 906-1,생활방범,1,2006-04
2017,111,,서울특별시 서대문구 대신동 141-1,생활방범,1,2006-04
2017,112,,서울특별시 서대문구 창천동 90-46,생활방범,1,2006-04
2017,113,,서울특별시 서대문구 창천동 465,생활방범,1,2006-04
2017,114,,서울특별시 서대문구 창천동 511-5,생활방범,1,2006-04
2017,115,,서울특별시 서대문구 연희동 151-84,생활방범,1,2006-04
2017,116,,서울특별시 서대문구 연희동 194-34,생활방범,1,2006-04
2017,117,,서울특별시 서대문구 연희동 344-140,생활방범,1,2006-04
2017,118,,서울특별시 서대문구 연희동 446-196,생활방범,1,2006-04
2017,119,,서울특별시 서대문구 연희동 446-140,생활방범,1,2006-04
2017,120,,서울특별시 서대문구 홍제1동 156-359,생활방범,1,2006-04
2017,121,,서울특별시 서대문구 홍제1동 330-113,생활방범,1,2006-04
2017,122,,서울특별시 서대문구 홍제1동 361-5,생활방범,1,2006-04
2017,123,,서울특별시 서대문구 홍제2동 177-2,생활방범,1,2006-04
2017,124,,서울특별시 서대문구 남가좌동 289-54,생활방범,1,2006-04
2017,125,,서울특별시 서대문구 홍제3동 268-15,생활방범,1,2006-04
2017,126,,서울특별시 서대문구 홍은1동 9-65,생활방범,1,2006-04
2017,127,,서울특별시 서대문구 홍은1동 9-152,생활방범,1,2006-04
2017,128,,서울특별시 서대문구 홍은1동 11-413,생활방범,1,2006-04
2017,129,,서울특별시 서대문구 홍은1동 19-13,생활방범,4,2006-04
2017,130,,서울특별시 서대문구 남가좌2동 342-27,생활방범,1,2006-04
2017,131,,서울특별시 서대문구 남가좌2동 5-42,생활방범,1,2006-04
2017,132,,서울특별시 서대문구 북가좌2동 5-15,생활방범,1,2006-04
2017,133,,서울특별시 서대문구 북가좌2동 75-126,생활방범,1,2006-04
2017,134,,서울특별시 서대문구 북가좌2동 318-1,생활방범,1,2006-04
2017,135,,서울특별시 서대문구 북아현동 135-4,생활방범,5,2008-02
2017,136,,서울특별시 서대문구 북아현동 산1-445,생활방범,5,2008-02
2017,137,,서울특별시 서대문구 대현동 37-2,생활방범,5,2008-02
2017,138,,서울특별시 서대문구 창천동 470,생활방범,4,2008-02
2017,139,,서울특별시 서대문구 연희동 124-44,생활방범,5,2008-02
2017,140,,서울특별시 서대문구 홍은2동 265-340,생활방범,3,2008-02
2017,141,,서울특별시 서대문구 북가좌1동 372-19,생활방범,3,2008-02
2017,142,,서울특별시 서대문구 북가좌2동 3-107,생활방범,1,2008-02
2017,143,,서울특별시 서대문구 북가좌2동 337-37,생활방범,1,2008-02
2017,144,,서울특별시 서대문구 북가좌2동 295-24,생활방범,1,2008-02
2017,145,,서울특별시 서대문구 북아현동 1-93,생활방범,5,2009-05
2017,146,,서울특별시 서대문구 북아현동 113-22,생활방범,4,2009-05
2017,147,,서울특별시 서대문구 창천동 4-62,생활방범,4,2009-05
2017,148,,서울특별시 서대문구 창천동 13-55,생활방범,5,2009-05
2017,149,,서울특별시 서대문구 창천동 113-10,생활방범,5,2009-05
2017,150,,서울특별시 서대문구 연희동 109-1,생활방범,5,2009-05
2017,151,,서울특별시 서대문구 연희동 137-6,생활방범,5,2009-05
2017,152,,서울특별시 서대문구 연희동 142-18,생활방범,5,2009-05
2017,153,,서울특별시 서대문구 홍제1동 313-8,생활방범,5,2009-05
2017,154,,서울특별시 서대문구 홍제3동 6-67,생활방범,5,2009-05
2017,155,,서울특별시 서대문구 홍은2동 188-29,생활방범,5,2009-05
2017,156,,서울특별시 서대문구 창천동 5-6,생활방범,1,2009-11
2017,157,,서울특별시 서대문구 연희동 1-11,생활방범,1,2009-11
2017,158,,서울특별시 서대문구 연희동 113-2,생활방범,1,2009-11
2017,159,,서울특별시 서대문구 홍제1동 341-18,생활방범,1,2009-11
2017,160,,서울특별시 서대문구 홍제2동 136-14,생활방범,1,2009-11
2017,161,,서울특별시 서대문구 충정로3가 3-52,생활방범,1,2009-11
2017,162,,서울특별시 서대문구 충정로3가 477,생활방범,3,2009-11
2017,163,,서울특별시 서대문구 천연동 120-90,생활방범,1,2010-04
2017,164,,서울특별시 서대문구 북아현동 1-362,생활방범,1,2010-04
2017,165,,서울특별시 서대문구 북아현동 3-68,생활방범,1,2009-11
2017,166,,서울특별시 서대문구 북아현동 695,생활방범,1,2009-11
2017,167,,서울특별시 서대문구 북아현동 82,생활방범,1,2009-11
2017,168,,서울특별시 서대문구 북가좌2동 347-40,생활방범,1,2010-04
2017,169,,서울특별시 서대문구 대신동 125-26,생활방범,1,2010-04
2017,170,,서울특별시 서대문구 창천동 62-22,생활방범,1,2010-04
2017,171,,서울특별시 서대문구 창천동 97-114,생활방범,1,2010-04
2017,172,,서울특별시 서대문구 창천동 100-133,생활방범,1,2009-11
2017,173,,서울특별시 서대문구 창천동 386,생활방범,1,2009-11
2017,174,,서울특별시 서대문구 연희동 42-31,생활방범,1,2009-11
2017,175,,서울특별시 서대문구 연희동 96-12,생활방범,1,2009-11
2017,176,,서울특별시 서대문구 연희동 200,생활방범,1,2009-11
2017,177,,서울특별시 서대문구 연희동 351-25,생활방범,1,2009-11
2017,178,,서울특별시 서대문구 연희동 413-60,생활방범,1,2010-04
2017,179,,서울특별시 서대문구 연희동 523-24,생활방범,1,2009-11
2017,180,,서울특별시 서대문구 연희동 529-20,생활방범,1,2009-11
2017,181,,서울특별시 서대문구 연희동 542-44,생활방범,1,2009-11
2017,182,,서울특별시 서대문구 홍제동 360-10,생활방범,1,2010-04
2017,183,,서울특별시 서대문구 홍제동 313-20,생활방범,4,2010-04
2017,184,,서울특별시 서대문구 홍제1동 364-1,생활방범,4,2010-04
2017,185,,서울특별시 서대문구 북가좌동 306-17 맞은편,생활방범,4,2010-04
2017,186,,서울특별시 서대문구 홍제3동 266-215,생활방범,3,2010-04
2017,187,,서울특별시 서대문구 홍제3동 304-102,생활방범,1,2010-04
2017,188,,서울특별시 서대문구 홍제1동 308-102,생활방범,1,2010-04
2017,189,,서울특별시 서대문구 홍은1동 8-368,생활방범,5,2010-04
2017,190,,서울특별시 서대문구 홍은1동 8-476,생활방범,4,2010-04
2017,191,,서울특별시 서대문구 홍은1동 8-505,생활방범,4,2010-04
2017,192,,서울특별시 서대문구 홍은1동 11-82,생활방범,1,2010-04
2017,193,,서울특별시 서대문구 홍은1동 11-124,생활방범,5,2010-04
2017,194,,서울특별시 서대문구 홍은1동 11-318,생활방범,4,2010-04
2017,195,,서울특별시 서대문구 홍은1동 440-5,생활방범,4,2010-04
2017,196,,서울특별시 서대문구 홍은2동 191-95,생활방범,1,2010-04
2017,197,,서울특별시 서대문구 홍은2동 204-4,생활방범,1,2010-04
2017,198,,서울특별시 서대문구 남가좌2동 339-9,생활방범,1,2010-04
2017,199,,서울특별시 서대문구 홍은2동 338-129,생활방범,6,2011-02
2017,200,,서울특별시 서대문구 홍은2동 399-2,생활방범,5,2011-02
2017,201,,서울특별시 서대문구 남가좌동 5-276,생활방범,5,2011-02
2017,202,,서울특별시 서대문구 남가좌동 326-21,생활방범,5,2011-02
2017,203,,서울특별시 서대문구 남가좌동 364-4,생활방범,4,2011-02
2017,204,,서울특별시 서대문구 남가좌동 369-23,생활방범,4,2011-02
2017,205,,서울특별시 서대문구 남가좌동 5-241,생활방범,5,2011-02
2017,206,,서울특별시 서대문구 남가좌동 73-191,생활방범,5,2011-02
2017,207,,서울특별시 서대문구 북가좌동 341-24,생활방범,5,2011-02
2017,208,,서울특별시 서대문구 북가좌동 75-35,생활방범,5,2011-02
2017,209,,서울특별시 서대문구 북가좌동 282-39,생활방범,4,2011-02
2017,210,,서울특별시 서대문구 북가좌동 288-9,생활방범,4,2011-02
2017,211,,서울특별시 서대문구 북가좌동 277-1,생활방범,4,2011-02
2017,212,,서울특별시 서대문구 북가좌동 74-110,생활방범,5,2011-02
2017,213,,서울특별시 서대문구 연희동 88-26,생활방범,4,2011-02
2017,214,,서울특별시 서대문구 천연동 112,생활방범,5,2011-02
2017,215,,서울특별시 서대문구 연희3동 48-34,생활방범,5,2011-02
2017,216,,서울특별시 서대문구 홍은2동 164,생활방범,4,2011-02
2017,217,,서울특별시 서대문구 홍은2동 277-94,생활방범,5,2011-02
2017,218,,서울특별시 서대문구 연희동 444-44,생활방범,4,2011-02
2017,219,,서울특별시 서대문구 북가좌1동 186-115,생활방범,4,2011-02
2017,220,,서울특별시 서대문구 북가좌2동 3-82,생활방범,5,2011-02
2017,221,,서울특별시 서대문구 홍제3동 280-9,생활방범,5,2011-02
2017,222,,서울특별시 서대문구 홍제1동 334-53,생활방범,4,2011-02
2017,223,,서울특별시 서대문구 남가좌동 346-4,생활방범,3,2012-06
2017,224,,서울특별시 서대문구 남가좌2동 7-4,생활방범,5,2012-06
2017,225,,서울특별시 서대문구 대현동 90-54,생활방범,4,2012-06
2017,226,,서울특별시 서대문구 북가좌1동 370-1,생활방범,5,2012-06
2017,227,,서울특별시 서대문구 북가좌2동 342-14,생활방범,5,2012-06
2017,228,,서울특별시 서대문구 북가좌2동 344-31,생활방범,5,2012-06
2017,229,,서울특별시 서대문구 북가좌2동 5-128,생활방범,5,2012-06
2017,230,,서울특별시 서대문구 연희동 126-1,생활방범,4,2012-06
2017,231,,서울특별시 서대문구 홍은2동 265-385,생활방범,5,2012-06
2017,232,,서울특별시 서대문구 홍은2동 392-13,생활방범,5,2012-06
2017,233,,서울특별시 서대문구 대현동 110-45 (창천동4-17),생활방범,4,2012-06
2017,234,,서울특별시 서대문구 홍제1동 356-13,생활방범,5,2012-06
2017,235,,서울특별시 서대문구 홍제2동 114-1,생활방범,6,2012-06
2017,236,,서울특별시 서대문구 홍제3동 260-11,생활방범,5,2012-06
2017,237,,서울특별시 서대문구 홍제1동 158-12,생활방범,4,2012-12
2017,238,,서울특별시 서대문구 북아현동 215 (북성초교),생활방범,4,2012-12
2017,239,,서울특별시 서대문구 남가좌1동 102-36,생활방범,4,2012-12
2017,240,,서울특별시 서대문구 남가좌1동 289-43,생활방범,5,2012-12
2017,241,,서울특별시 서대문구 남가좌1동 150-74,생활방범,4,2012-12
2017,242,,서울특별시 서대문구 북아현동 593,생활방범,5,2012-12
2017,243,,서울특별시 서대문구 대현동 45-38,생활방범,4,2012-12
2017,244,,서울특별시 서대문구 연희동 170-121,생활방범,4,2012-12
2017,245,,서울특별시 서대문구 홍은2동 338-31,생활방범,5,2012-12
2017,246,,서울특별시 서대문구 홍은2동 377-3,생활방범,5,2012-12
2017,247,,서울특별시 서대문구 홍은2동 265-337,생활방범,3,2012-12
2017,248,,서울특별시 서대문구 북가좌1동 380-1,생활방범,4,2012-12
2017,249,,서울특별시 서대문구 북가좌2동 5-25,생활방범,5,2012-12
2017,250,,서울특별시 서대문구 홍제3동 305-4,생활방범,4,2012-12
2017,251,,서울특별시 서대문구 북가좌2동 330-19 (란헤어샵),생활방범,4,2013-02
2017,252,,서울특별시 서대문구 북가좌2동 330-7 (센텀시티),생활방범,4,2013-02
2017,253,,서울특별시 서대문구 북가좌2동 342-5,생활방범,4,2013-02
2017,254,,서울특별시 서대문구 북가좌2동 338-21 (거꾸로어린이공원),생활방범,4,2013-02
2017,255,,서울특별시 서대문구 북가좌2동 337-6 (기룡하이츠),생활방범,4,2013-02
2017,256,,서울특별시 서대문구 북가좌2동 332-11 (해물탕아구찜),생활방범,4,2013-02
2017,257,,서울특별시 서대문구 충정로3가 284,생활방범,4,2013-12
2017,258,,서울특별시 서대문구 천연동 120-2,생활방범,4,2013-12
2017,259,,서울특별시 서대문구 창천동 13-57,생활방범,3,2013-12
2017,260,,서울특별시 서대문구 창천동 2-46,생활방범,4,2013-12
2017,261,,서울특별시 서대문구 창천동 91-7,생활방범,3,2013-12
2017,262,,서울특별시 서대문구 연희동 1-78,생활방범,3,2013-12
2017,263,,서울특별시 서대문구 연희동 721-1,생활방범,5,2013-12
2017,264,,서울특별시 서대문구 홍제1동 312-243 (새마을회관 앞),생활방범,5,2013-12
2017,265,,서울특별시 서대문구 홍제1동 167-30,생활방범,4,2013-12
2017,266,,서울특별시 서대문구 홍제3동 287-22,생활방범,4,2013-12
2017,267,,서울특별시 서대문구 홍은1동 11-756,생활방범,4,2013-12
2017,268,,서울특별시 서대문구 홍은2동 396-22,생활방범,4,2013-12
2017,269,,서울특별시 서대문구 남가좌2동 190-1 (삼각소공원 앞),생활방범,5,2013-12
2017,270,,서울특별시 서대문구 북가좌1동 368-19 (문화빌라 앞 삼거리),생활방범,4,2013-12
2017,271,,서울특별시 서대문구 연희동 334-81,생활방범,1,2013-12
2017,272,,"서울특별시 서대문구 북아현동 118-99 (팔각정, 체육시설)",생활방범,5,2014-01
2017,273,,서울특별시 서대문구 충정로2가 65-33,생활방범,3,2014-11
2017,274,,서울특별시 서대문구 충정로2가 61,생활방범,3,2014-11
2017,275,,서울특별시 서대문구 충정로3가 3-324 맞은편 (금화시민아파트),생활방범,3,2014-11
2017,276,,서울특별시 서대문구 창천동 50-3,생활방범,4,2014-11
2017,277,,서울특별시 서대문구 연희동 309-1,생활방범,4,2014-11
2017,278,,서울특별시 서대문구 연희동 537-30,생활방범,4,2014-11
2017,279,,서울특별시 서대문구 홍제동 312-79,생활방범,5,2014-11
2017,280,,서울특별시 서대문구 홍제동 274-7 맞은편,생활방범,4,2014-11
2017,281,,서울특별시 서대문구 북가좌동 5-151,생활방범,4,2014-11
2017,282,,서울특별시 서대문구 북가좌동 73-15 맞은편,생활방범,3,2014-11
2017,283,,서울특별시 서대문구 대현동 34-48 맞은편,생활방범,3,2015-12
2017,284,,서울특별시 서대문구 창천동 29-16,생활방범,4,2015-12
2017,285,,서울특별시 서대문구 연희동 187-3,생활방범,4,2015-12
2017,286,,서울특별시 서대문구 홍제동 192-42 맞은편,생활방범,4,2015-12
2017,287,,서울특별시 서대문구 홍제동 5-78,생활방범,4,2015-12
2017,288,,서울특별시 서대문구 홍은동 191-149 맞은편,생활방범,3,2015-12
2017,289,,서울특별시 서대문구 홍은동 265-148 (홍은2동 제2공영주차장),생활방범,4,2015-12
2017,290,,서울특별시 서대문구 남가좌동 338-33,생활방범,5,2015-12
2017,291,,서울특별시 서대문구 남가좌동 331-8,생활방범,5,2015-12
2017,292,,서울특별시 서대문구 북가좌동 302-31,생활방범,5,2015-12
2017,293,,서울특별시 서대문구 북가좌동 385-1,생활방범,5,2015-12
2017,294,,서울특별시 서대문구 대현동 34-19,생활방범,3,2016-07
2017,295,,서울특별시 서대문구 홍제동 308-86,생활방범,4,2016-08
2017,296,,서울특별시 서대문구 충정로3가 8-5,생활방범,4,2016-12
2017,297,,서울특별시 서대문구 옥천동 126-130,생활방범,5,2016-12
2017,298,,서울특별시 서대문구 창천동 222,생활방범,4,2016-12
2017,299,,서울특별시 서대문구 신촌동 2-156,생활방범,4,2016-12
2017,300,,서울특별시 서대문구 연희동 79-3,생활방범,4,2016-12
2017,301,,서울특별시 서대문구 연희동 340-8,생활방범,4,2016-12
2017,302,,서울특별시 서대문구 연희동 30,생활방범,4,2016-12
2017,303,,서울특별시 서대문구 연희동 119-7,생활방범,4,2016-12
2017,304,,서울특별시 서대문구 연희동 721,생활방범,4,2016-12
2017,305,,서울특별시 서대문구 연희동 723-10,생활방범,4,2016-12
2017,306,,서울특별시 서대문구 연희동 711-37,생활방범,4,2016-12
2017,307,,서울특별시 서대문구 연희동 162-15,생활방범,4,2016-12
2017,308,,서울특별시 서대문구 연희동 537-48,생활방범,4,2016-12
2017,309,,서울특별시 서대문구 연희동 104-3,생활방범,4,2016-12
2017,310,,서울특별시 서대문구 연희동 340-40,생활방범,2,2016-12
2017,311,,서울특별시 서대문구 홍제동 334-107,생활방범,4,2016-12
2017,312,,서울특별시 서대문구 홍제동 24-16,생활방범,6,2016-12
2017,313,,서울특별시 서대문구 충정로3가 7-68,생활방범,5,2016-12
2017,314,,서울특별시 서대문구 홍제동 337-1,생활방범,3,2016-12
2017,315,,서울특별시 서대문구 홍은동 8-620,생활방범,5,2016-12
2017,316,,서울특별시 서대문구 홍은동 14-7,생활방범,4,2016-12
2017,317,,서울특별시 서대문구 홍은동 206-18,생활방범,4,2016-12
2017,318,,서울특별시 서대문구 홍은동 265-181,생활방범,5,2016-12
2017,319,,서울특별시 서대문구 북가좌동 383-7,생활방범,4,2016-12
2017,320,,서울특별시 서대문구 북가좌동 302-26,생활방범,5,2016-12
2017,321,,서울특별시 서대문구 남가좌동 343-28,생활방범,5,2016-12
2017,322,,서울특별시 서대문구 현저동 1019,생활방범,4,2017-03
2017,323,,서울특별시 서대문구 북가좌동 75-128,생활방범,2,2017-03
2017,324,,서울특별시 서대문구 홍제동 466,생활방범,4,2017-03
2017,325,,서울특별시 서대문구 홍제동 312-178,생활방범,3,2017-03
2017,326,,서울특별시 서대문구 홍제동 278-50,생활방범,3,2017-03
2017,327,,서울특별시 서대문구 홍은동 22,생활방범,4,2017-03
2017,328,,서울특별시 서대문구 홍은동 9-477,생활방범,3,2017-03
2017,329,,서울특별시 서대문구 홍은동 10-24,생활방범,5,2017-03
2017,330,,서울특별시 서대문구 홍은동 304-1,생활방범,4,2017-03
2017,331,,서울특별시 서대문구 홍은동 275-27,생활방범,4,2017-03
2017,332,,서울특별시 서대문구 충정로3가 3-63,생활방범,4,2017-12
2017,333,,서울특별시 서대문구 충정로3가 32-35 맞은편,생활방범,3,2017-12
2017,334,,서울특별시 서대문구 충정로3가 189-4 맞은편,생활방범,4,2017-12
2017,335,,서울특별시 서대문구 북아현동 117-8,생활방범,5,2017-12
2017,336,,서울특별시 서대문구 창천동 4-22,생활방범,5,2017-12
2017,337,,서울특별시 서대문구 대현동 37-18,생활방범,4,2017-12
2017,338,,서울특별시 서대문구 창천동 80-16,생활방범,1,2017-12
2017,339,,서울특별시 서대문구 창천동 9-20,생활방범,1,2017-12
2017,340,,서울특별시 서대문구 창천동 18-49,생활방범,1,2017-12
2017,341,,서울특별시 서대문구 연희동 421-16 맞은편,생활방범,4,2017-12
2017,342,,서울특별시 서대문구 연희동 151-55 맞은편,생활방범,5,2017-12
2017,343,,서울특별시 서대문구 연희동 3-10 맞은편,생활방범,5,2017-12
2017,344,,서울특별시 서대문구 연희동 117-5,생활방범,5,2017-12
2017,345,,서울특별시 서대문구 연희동 51-74,생활방범,4,2017-12
2017,346,,서울특별시 서대문구 연희동 110-9,생활방범,4,2017-12
2017,347,,서울특별시 서대문구 연희동 436-5,생활방범,5,2017-12
2017,348,,서울특별시 서대문구 홍제동 156-375,생활방범,4,2017-12
2017,349,,서울특별시 서대문구 홍제동 156-365,생활방범,4,2017-12
2017,350,,서울특별시 서대문구 홍제동 360-62,생활방범,4,2017-12
2017,351,,서울특별시 서대문구 홍제동 330-247,생활방범,7,2017-12
2017,352,,서울특별시 서대문구 홍제동 156-367,생활방범,4,2017-12
2017,353,,서울특별시 서대문구 홍제동 137-6,생활방범,7,2017-12
2017,354,,서울특별시 서대문구 홍제동 19-9,생활방범,4,2017-12
2017,355,,서울특별시 서대문구 홍제동 104-32,생활방범,4,2017-12
2017,356,,서울특별시 서대문구 홍제동 256-2,생활방범,2,2017-12
2017,357,,서울특별시 서대문구 홍제동 6-23,생활방범,5,2017-12
2017,358,,서울특별시 서대문구 홍제동 8-77,생활방범,4,2017-12
2017,359,,서울특별시 서대문구 포방교,생활방범,6,2017-12
2017,360,,서울특별시 서대문구 홍제동 8-12,생활방범,4,2017-12
2017,361,,서울특별시 서대문구 홍은동 452-3,생활방범,5,2017-12
2017,362,,서울특별시 서대문구 홍은동 435-10,생활방범,4,2017-12
2017,363,,서울특별시 서대문구 홍은동 8-149,생활방범,4,2017-12
2017,364,,서울특별시 서대문구 홍은동 11-368,생활방범,4,2017-12
2017,365,,서울특별시 서대문구 홍은동 11-386,생활방범,3,2017-12
2017,366,,서울특별시 서대문구 홍은동 11-351,생활방범,4,2017-12
2017,367,,서울특별시 서대문구 홍은동 11-366,생활방범,4,2017-12
2017,368,,서울특별시 서대문구 홍은동 277-101,생활방범,5,2017-12
2017,369,,서울특별시 서대문구 홍은동 324-3,생활방범,4,2017-12
2017,370,,서울특별시 서대문구 홍은동 335-60,생활방범,4,2017-12
2017,371,,서울특별시 서대문구 홍은동 209-4 맞은편,생활방범,4,2017-12
2017,372,,서울특별시 서대문구 홍은동 191-52 맞은편,생활방범,3,2017-12
2017,373,,서울특별시 서대문구 홍은동 190-42 맞은편,생활방범,4,2017-12
2017,374,,서울특별시 서대문구 홍은동 265-333 맞은편,생활방범,4,2017-12
2017,375,,서울특별시 서대문구 홍은동 265-342 맞은편,생활방범,3,2017-12
2017,376,,서울특별시 서대문구 홍은동 325-33 맞은편,생활방범,3,2017-12
2017,377,,서울특별시 서대문구 홍은동 354-8,생활방범,4,2017-12
2017,378,,서울특별시 서대문구 남가좌동 73-346,생활방범,5,2017-12
2017,379,,서울특별시 서대문구 남가좌동 9-32,생활방범,3,2017-12
2017,380,,서울특별시 서대문구 남가좌동 64-8,생활방범,5,2017-12
2017,381,,서울특별시 서대문구 북가좌동 371-1,생활방범,4,2017-12
2017,382,,서울특별시 서대문구 북가좌동 73-10,생활방범,5,2017-12
2017,383,,서울특별시 서대문구 북가좌동 74-214,생활방범,4,2017-12
2017,384,,서울특별시 서대문구 북가좌동 3-204,생활방범,5,2017-12
2017,385,,서울특별시 서대문구 북가좌동 297-2,생활방범,4,2017-12
2017,386,,서울특별시 서대문구 북가좌동 336-33,생활방범,4,2017-12
2017,387,,서울특별시 서대문구 북가좌동 3-110,생활방범,4,2017-12
2017,438,,서울특별시 서대문구 북가좌2동 307-17,생활방범,1,2005-02
2017,439,,서울특별시 서대문구 북가좌2동 307-21,생활방범,1,2005-02
2017,440,,서울특별시 서대문구 북가좌2동 309-14,생활방범,1,2005-02
2017,441,,서울특별시 서대문구 북가좌2동 312-2,생활방범,1,2005-02
2017,442,,서울특별시 서대문구 북가좌2동 315-28,생활방범,1,2005-02
2017,443,,서울특별시 서대문구 북가좌2동 317-20,생활방범,1,2005-02
2017,444,,서울특별시 서대문구 북가좌2동 321-1,생활방범,1,2005-02
2017,445,,서울특별시 서대문구 북가좌2동 312-17,생활방범,1,2005-02
2017,446,,서울특별시 서대문구 북가좌2동 324-19,생활방범,1,2005-02
2017,447,,서울특별시 서대문구 북가좌2동 327-10,생활방범,1,2005-02
2017,448,,서울특별시 서대문구 북가좌2동 343-23,생활방범,1,2005-02
2017,449,,서울특별시 서대문구 홍은2동 405-16,생활방범,1,2006-02
2017,450,,서울특별시 서대문구 홍은2동 407-18,생활방범,1,2006-02
2017,451,,서울특별시 서대문구 홍은2동 409-4,생활방범,1,2006-02
2017,452,,서울특별시 서대문구 홍은2동 409-50,생활방범,1,2006-02
2017,453,,서울특별시 서대문구 홍은2동 410-21,생활방범,1,2006-02
2017,454,,서울특별시 서대문구 홍은2동 410-45,생활방범,1,2006-02
2017,455,,서울특별시 서대문구 홍은2동 413-17,생활방범,1,2006-02
2017,456,,서울특별시 서대문구 홍은2동 412-26,생활방범,1,2006-02
2017,457,,서울특별시 서대문구 홍은2동 415-1,생활방범,1,2006-02
2017,458,,서울특별시 서대문구 홍은2동 415-29,생활방범,1,2006-02
2017,459,,서울특별시 서대문구 홍제1동 356-165,생활방범,1,2007-02
2017,460,,서울특별시 서대문구 홍제1동 362-2,생활방범,1,2007-02
2017,461,,서울특별시 서대문구 홍은2동 405-1,생활방범,1,2007-02
2017,462,,서울특별시 서대문구 홍은2동 414-26,생활방범,1,2007-02
2017,463,,서울특별시 서대문구 홍은2동 415-67,생활방범,1,2007-02
2017,464,,서울특별시 서대문구 남가좌2동 325-43,생활방범,1,2007-02
2017,465,,서울특별시 서대문구 남가좌2동 331-31,생활방범,1,2007-02
2017,466,,서울특별시 서대문구 북가좌2동 317-11,생활방범,1,2007-02
2017,467,,서울특별시 서대문구 옥천동 99,생활방범,2,2012-06
2017,468,,서울특별시 서대문구 북가좌동 75-3,생활방범,2,2012-06
2017,469,,서울특별시 서대문구 홍제1동 321-3,생활방범,2,2012-06
2017,470,,서울특별시 서대문구 현저동 1-388,생활방범,2,2012-06
2017,471,,서울특별시 서대문구 홍은1동 48-125,생활방범,4,2012-06
2017,472,,서울특별시 서대문구 남가좌1동 289-47,생활방범,2,2012-06
2017,473,,서울특별시 서대문구 연희동 434-41,생활방범,3,2012-06
2017,474,,서울특별시 서대문구 북가좌2동 325-19,생활방범,2,2012-06
2017,475,,서울특별시 서대문구 미근동 112,생활방범,2,2012-12
2017,476,,서울특별시 서대문구 창천동 248,생활방범,2,2012-12
2017,477,,서울특별시 서대문구 연희동 340-59,생활방범,2,2012-12
2017,478,,서울특별시 서대문구 홍제동 178-1,생활방범,2,2012-12
2017,479,,서울특별시 서대문구 홍은동 265-285,생활방범,2,2012-12
2017,480,,서울특별시 서대문구 홍은동 8-525,생활방범,2,2012-12
2017,481,,서울특별시 서대문구 북가좌동 372-1~383-18,생활방범,2,2012-12
2017,482,,서울특별시 서대문구 북가좌동 345-30,생활방범,2,2012-12
2017,483,,서울특별시 서대문구 신촌동 74-12 맞은편,교통단속,1,2007-02
2017,484,,서울특별시 서대문구 대현동 37-72,교통단속,1,2007-02
2017,485,,서울특별시 서대문구 대현동 56-12,교통단속,1,2007-02
2017,486,,서울특별시 서대문구 대현동 101-34,교통단속,1,2007-02
2017,487,,서울특별시 서대문구 창천동 4-96,교통단속,1,2007-02
2017,488,,서울특별시 서대문구 충정로2가 184-13,교통단속,5,2007-12
2017,489,,서울특별시 서대문구 천연동 41,교통단속,3,2007-12
2017,490,,서울특별시 서대문구 북아현동 130-12,교통단속,3,2007-12
2017,491,,서울특별시 서대문구 창천동 2-33,교통단속,3,2007-12
2017,492,,서울특별시 서대문구 연희동 69-22,교통단속,3,2007-12
2017,493,,서울특별시 서대문구 연희동 92-13,교통단속,3,2007-12
2017,494,,서울특별시 서대문구 홍제3동 301-3,교통단속,3,2007-12
2017,495,,서울특별시 서대문구 홍은2동 409-47,교통단속,3,2007-12
2017,496,,서울특별시 서대문구 남가좌2동 347-2,교통단속,3,2007-12
2017,497,,서울특별시 서대문구 북가좌2동 306-22,교통단속,3,2007-12
2017,498,,서울특별시 서대문구 충정로3가 3-131,교통단속,3,2008-12
2017,499,,서울특별시 서대문구 북아현동 1-254,교통단속,3,2008-12
2017,500,,서울특별시 서대문구 북아현동 176-53,교통단속,3,2008-12
2017,501,,서울특별시 서대문구 홍제3동 266-60,교통단속,3,2008-12
2017,502,,서울특별시 서대문구 홍제3동 287-182 맞은편,교통단속,3,2008-12
2017,503,,서울특별시 서대문구 홍은1동 9-88,교통단속,3,2008-12
2017,504,,서울특별시 서대문구 홍은1동 11-853 맞은편,교통단속,3,2008-12
2017,505,,서울특별시 서대문구 홍은2동 346-1,교통단속,1,2008-12
2017,506,,서울특별시 서대문구 홍은2동 357-8,교통단속,1,2008-12
2017,507,,서울특별시 서대문구 남가좌2동 339-32,교통단속,3,2008-12
2017,508,,서울특별시 서대문구 북가좌2동 283-19,교통단속,1,2008-12
2017,509,,서울특별시 서대문구 북가좌2동 292-13,교통단속,1,2008-12
2017,510,,서울특별시 서대문구 충정로3가 22-1,교통단속,3,2009-06
2017,511,,서울특별시 서대문구 창천동 13-29 (형제갈비),교통단속,4,2009-06
2017,512,,서울특별시 서대문구 홍은2동 395-18,교통단속,3,2009-06
2017,513,,서울특별시 서대문구 홍은2동 427-4,교통단속,3,2009-06
2017,514,,서울특별시 서대문구 남가좌1동 105-29,교통단속,3,2009-06
2017,515,,서울특별시 서대문구 남가좌2동 330-43,교통단속,3,2009-06
2017,516,,서울특별시 서대문구 남가좌2동 74-17 맞은편,교통단속,3,2009-06
2017,517,,서울특별시 서대문구 북가좌2동 278-1,교통단속,3,2009-06
2017,518,,서울특별시 서대문구 남가좌2동 354-53,교통단속,1,2011-12
2017,519,,서울특별시 서대문구 연희동 353-76,교통단속,1,2011-12
2017,520,,서울특별시 서대문구 창천동 57-18 (창천어린이공원),교통단속,2,2011-12
2017,521,,서울특별시 서대문구 냉천동 147(서대문성당),교통단속,1,2011-12
2017,522,,서울특별시 서대문구 홍제동 107-2 맞은편 (인왕현대아파트 진입로),교통단속,1,2012-01
2017,523,,서울특별시 서대문구 미근동 101-5 [미동초교(돈까스집)],교통단속,3,2013-12
2017,524,,서울특별시 서대문구 창천동 57-66 맞은편 [창서초교(정문앞)],교통단속,6,2013-12
2017,525,,서울특별시 서대문구 창천동 57-36 맞은편 [창서초교(숯불생고기)],교통단속,5,2013-12
2017,526,,서울특별시 서대문구 창천동 67-13 맞은편 [창서초교(미용실)],교통단속,5,2013-12
2017,527,,서울특별시 서대문구 대현동 62-1 맞은편 [신현유치원],교통단속,3,2013-12
2017,528,,서울특별시 서대문구 남가좌동 3-2 [충암유치원후문],교통단속,3,2013-12
2017,529,,서울특별시 서대문구 남가좌동 236-1 맞은편 [연가초교(정문앞 공원)],교통단속,4,2013-12
2017,530,,서울특별시 서대문구 홍제3동 249-1 [인왕초 정문],교통단속,4,2010-12
2017,531,,서울특별시 서대문구 창천동 9-26 [신촌생고기],교통단속,4,2014-02
2017,532,,서울특별시 서대문구 창천동 52-18 [누들박스],교통단속,4,2014-02
2017,533,,서울특별시 서대문구 창천동 13-111 [돈텐동식당],교통단속,3,2014-02
2017,534,,서울특별시 서대문구 창천동 52-152 [자연담은화로],교통단속,4,2014-02
2017,535,,서울특별시 서대문구 창천동 18-4 [GS25],교통단속,4,2014-02
2017,536,,서울특별시 서대문구 창천동 5-8 [오시리스타워 주차장],교통단속,4,2014-02
2017,537,,서울특별시 서대문구 창천동 89-26 [햇빛부동산 맞은편],교통단속,4,2014-02
2017,538,,서울특별시 서대문구 창천동 52-50 [싸이버사격장],교통단속,5,2011-02
2017,539,,서울특별시 서대문구 연희동 79-11 [카젠 카센터],교통단속,3,2014-02
2017,540,,서울특별시 서대문구 홍제동 245-8 [인왕이발관 옆],교통단속,3,2014-02
2017,541,,서울특별시 서대문구 홍은2동 273-10 (홍은2동 주민센터 앞),교통단속,3,2014-02
2017,542,,서울특별시 서대문구 북가좌동 420-32 [DMC래미안e편한세상4단지 이마트앞],교통단속,3,2014-02
2017,543,,서울특별시 서대문구 북가좌동 106-2 [중앙근린공원],교통단속,3,2014-02
2017,544,,서울특별시 서대문구 홍제동 105-98 [인왕유치원 앞],교통단속,3,2014-08
2017,545,,서울특별시 서대문구 홍제동 460 맞은편 [현대경복유치원 앞],교통단속,3,2014-08
2017,546,,서울특별시 서대문구 충정로3가 360-26 맞은편 [PUB 호프집 앞],교통단속,3,2015-02
2017,547,,서울특별시 서대문구 연희동 132-38 [동양공인중개사 앞],교통단속,3,2015-02
2017,548,,서울특별시 서대문구 홍제동 264-8 [인왕떡집 앞],교통단속,3,2015-02
2017,549,,서울특별시 서대문구 홍제동 295-35 [인왕약국 앞],교통단속,3,2015-02
2017,550,,서울특별시 서대문구 홍제동 251 [세무서 앞],교통단속,4,2015-02
2017,551,,서울특별시 서대문구 북가좌동 186-36 [북가좌현대아파트 102동 앞],교통단속,3,2015-02
2017,552,,서울특별시 서대문구 충정로2가 74 맞은편 [인창고등학교담벼락],교통단속,3,2015-09
2017,553,,서울특별시 서대문구 북아현동 215-1 [북성초등학교 체육관],교통단속,3,2015-09
2017,554,,서울특별시 서대문구 연희동 89-19 [연희초 육교],교통단속,3,2015-09
2017,555,,서울특별시 서대문구 홍제동 317-10 맞은편 [서울예술실용전문학교 정문],교통단속,3,2015-09
2017,556,,서울특별시 서대문구 홍은동 277-66 [서대문문화체육회관 앞],교통단속,3,2015-09
2017,557,,서울특별시 서대문구 북가좌동 376-18 [북가좌초 주차장],교통단속,3,2015-09
2017,558,,서울특별시 서대문구 북아현동 251-99 [대신초],교통단속,3,2016-12
2017,559,,서울특별시 서대문구 대신동 6-13 [이대부속유치원],교통단속,3,2016-12
2017,560,,서울특별시 서대문구 연희동 80-2 [외국인학교],교통단속,3,2016-12
2017,561,,서울특별시 서대문구 홍제동 25-13 [한양유치원],교통단속,3,2016-12
2017,562,,서울특별시 서대문구 남가좌동 188-6 [가재울초교],교통단속,3,2016-12
2017,563,,서울특별시 서대문구 남가좌동 119-41 [가재울초교],교통단속,3,2016-12
2017,564,,서울특별시 서대문구 홍은동 48-16,교통단속,3,2016-12
2017,565,,서울특별시 서대문구 홍은동 396-26,교통단속,3,2016-12
2017,566,,서울특별시 서대문구 북가좌동 486,교통단속,3,2016-12
2017,567,,서울특별시 서대문구 남가좌동 124-269,교통단속,3,2016-12
2017,568,,서울특별시 서대문구 충정로3가 476 [난타공연장 앞],교통단속,3,2016-12
2017,569,,서울특별시 서대문구 북아현동 221-12 [고기정육시장 앞],교통단속,3,2016-12
2017,570,,서울특별시 서대문구 창천동 506-17 [뚜레쥬르 앞],교통단속,3,2016-12
2017,571,,서울특별시 서대문구 미근동 165 [미근119 안전센터 앞],교통단속,4,2017-11
2017,572,,서울특별시 서대문구 북아현동 136-21 [e편한세상4단지 뒤편 CU편의점],교통단속,4,2017-11
2017,573,,서울특별시 서대문구 홍제동 266-151 [마을탕 앞],교통단속,3,2017-11
2017,574,,서울특별시 서대문구 홍은2동 산26-170 (홍연초교 교재원),교통단속,4,2010-12
2017,575,,서울특별시 서대문구 홍제3동 287-261 (홍은초 후문),교통단속,5,2010-12
2017,578,,서울특별시 서대문구 홍은동 40-3 맞은편,교통단속,4,2017-12
2017,579,,서울특별시 서대문구 홍은1동 48-95,교통단속,4,2011-02
2017,580,,서울특별시 서대문구 냉천동 200-2 (금화초 정문),어린이보호,3,2010-12
2017,581,,서울특별시 서대문구 천연동 13-30 (감리신학대 정문),어린이보호,4,2010-12
2017,582,,서울특별시 서대문구 북가좌1동 401-1 (북가좌초 정문),어린이보호,4,2010-12
2017,583,,서울특별시 서대문구 북가좌1동 375-12 (북가좌초 서문),어린이보호,4,2010-12
2017,584,,서울특별시 서대문구 홍제1동 47-6 (안산초 정문),어린이보호,4,2010-12
2017,585,,서울특별시 서대문구 홍제1동 44-580 (홍제1동 제3공영주차장),어린이보호,4,2010-12
2017,586,,서울특별시 서대문구 남가좌2동 224-278 (연가초 후문),어린이보호,4,2010-12
2017,587,,서울특별시 서대문구 홍은2동 산26-164  홍연초(명지초∼백련테니스),어린이보호,3,2010-12
2017,588,,서울특별시 서대문구 명지학원 방향 삼거리,어린이보호,4,2010-12
2017,589,,서울특별시 서대문구 홍제3동 286-25  (홍은초 정문),어린이보호,4,2010-12
2017,590,,서울특별시 서대문구 고은초등학교 후문,어린이보호,4,2011-12
2017,591,,서울특별시 서대문구 독립문어린이집,어린이보호,4,2011-12
2017,592,,서울특별시 서대문구 금화초등학교,어린이보호,4,2011-12
2017,593,,서울특별시 서대문구 신현유치원,어린이보호,4,2011-12
2017,594,,서울특별시 서대문구 이대부속초등학교 정문,어린이보호,4,2011-12
2017,595,,서울특별시 서대문구 이대부속초등학교 후문,어린이보호,5,2011-12
2017,596,,서울특별시 서대문구 연희초등학교 정문,어린이보호,5,2011-12
2017,597,,서울특별시 서대문구 연희초등학교 후문,어린이보호,3,2011-12
2017,598,,서울특별시 서대문구 명지초등학교 정문,어린이보호,3,2011-12
2017,599,,서울특별시 서대문구 명지고등학교 체육관,어린이보호,4,2011-12
2017,600,,서울특별시 서대문구 북가좌동 316-32 (북가좌초등학교 대성반점),어린이보호,5,2011-12
2017,601,,서울특별시 서대문구 홍제초교,어린이보호,5,2012-11
2017,602,,서울특별시 서대문구 세브란스어린이집,어린이보호,5,2012-11
2017,603,,서울특별시 서대문구 환희어린이집,어린이보호,5,2012-11
2017,604,,서울특별시 서대문구 홍제성당유치원,어린이보호,4,2012-11
2017,605,,서울특별시 서대문구 미동초교,어린이보호,3,2012-11
2017,606,,서울특별시 서대문구 경기초교,어린이보호,3,2012-11
2017,607,,서울특별시 서대문구 창서초교(편의점),어린이보호,4,2013-12
2017,608,,서울특별시 서대문구 안산초교(후문안 소각장),어린이보호,3,2013-12
2017,609,,서울특별시 서대문구 충암유치원정문,어린이보호,4,2013-12
2017,610,,서울특별시 서대문구 세종유치원,어린이보호,4,2013-12
2017,611,,서울특별시 서대문구 홍제동 300-18,어린이보호,4,2017-12
2017,612,,서울특별시 서대문구 홍은동 48-100,어린이보호,3,2017-12
2017,613,,서울특별시 서대문구 홍은동 305,어린이보호,3,2017-12
2017,614,,"서울특별시 서대문구 홍제내길 227, 홍제동 자전거보관소",시설물관리,4,2017-11
2017,615,,"서울특별시 서대문구 홍제동 266-271, 홍제천 홍제교 상류 우안(중간가압장)",재난재해,1,2017-11
2017,616,,"서울특별시 서대문구 연희동 2-5,  홍제천 안산 방죽",재난재해,2,2017-11
2017,617,,"서울특별시 서대문구 연희동 2-75, 홍제천 안산가압장 앞(홍제천수변공원관리사무소)",재난재해,1,2017-11
2017,618,,"서울특별시 서대문구 연희동 170-185, 홍제천 전망데크 주차장 교각 및 물레방아 건너편",재난재해,2,2017-11
2017,619,,"서울특별시 서대문구 연희동 519-2 , 홍제천 연가교 상류 좌안",재난재해,1,2017-11
2017,621,,"서울특별시 마포구 망원동 305-2, 성산대교(홍제천 하상여과시설 전기설비)",재난재해,2,2008-11
2017,623,,"서울특별시 서대문구 홍은동 277-152, 홍제천 홍연2교 돌무지 (2)",재난재해,2,2017-11
2017,633,,"서울특별시 서대문구 창천동 72-1, 현대백화점 옆 (저지대)",재난재해,1,2012-04
2017,634,,"서울특별시 서대문구 북아현동 134-40, 아현역 입구 (저지대)",재난재해,1,2012-04
2017,635,,"서울특별시 서대문구 홍은동 11-1, 백련산저류지 (산불)",재난재해,2,2012-04
2017,636,,"서울특별시 서대문구 현저동 산5-5, 구의회 옥상 (산불)",재난재해,2,2012-04
2017,637,,"서울특별시 서대문구 북아현동 1-1803, 금화터널 시설녹지내 (산불)",재난재해,2,2012-04
2017,638,,"서울특별시 서대문구 연희로 248, 구청사",다목적,32,2015-01
2018,0,,서울특별시 서대문구 창천동 57-18(창천문화공원),생활방범,6,2009-03
2018,1,,서울특별시 서대문구 홍은1동 11-23(홍박공원),생활방범,8,2009-03
2018,2,,서울특별시 서대문구 홍은2동 405-3(홍남어린이공원),생활방범,5,2009-03
2018,3,,서울특별시 서대문구 홍은2동 421-1(백련어린이공원),생활방범,4,2009-03
2018,4,,서울특별시 서대문구 남가좌2동 326-8(연남어린이공원),생활방범,6,2009-03
2018,5,,서울특별시 서대문구 홍제3동 454-2(홍제근린공원),생활방범,8,2009-08
2018,6,,서울특별시 서대문구 홍은2동 408-4(홍연어린이공원),생활방범,4,2009-12
2018,7,,"서울특별시 서대문구 연희동 산 118(궁동근린공원, 실내체육관)",생활방범,4,2010-02
2018,8,,서울특별시 서대문구 북아현동 210-24(명수어린이공원),생활방범,9,2010-06
2018,9,,서울특별시 서대문구 연희동 73-8(대궐재어린이공원),생활방범,6,2010-06
2018,10,,서울특별시 서대문구 연희동 519-7(연서어린이공원),생활방범,9,2010-06
2018,11,,서울특별시 서대문구 연희동 산 1 (안산도시자연공원),생활방범,6,2010-06
2018,12,,서울특별시 서대문구 홍제3동 287-121(불천어린이공원),생활방범,6,2010-06
2018,13,,서울특별시 서대문구 남가좌2동 376-4(가좌어린이공원),생활방범,8,2010-06
2018,14,,서울특별시 서대문구 북가좌2동 318-1(신가어린이공원),생활방범,6,2010-06
2018,15,,서울특별시 서대문구 연희동 산 118(궁동근린공원. 화장실),생활방범,4,2010-11
2018,16,,서울특별시 서대문구 연희동 산 (안산문화쉼터 방문자센터),생활방범,4,2011-06
2018,17,,서울특별시 서대문구 연희동 산 (안산문화쉼터 벚꽃마당),생활방범,3,2011-06
2018,18,,서울특별시 서대문구 연희동 산 (안산문화쉼터 숲속쉼터),생활방범,3,2011-06
2018,19,,서울특별시 서대문구 백련근린공원(화장실),생활방범,4,2012-01
2018,20,,서울특별시 서대문구 백련근린공원(논골마당),생활방범,4,2012-01
2018,21,,서울특별시 서대문구 백련근린공원(저류지),생활방범,3,2012-01
2018,22,,서울특별시 서대문구 창천근린공원(돌계단),생활방범,4,2012-07
2018,23,,서울특별시 서대문구 창천근린공원(정상),생활방범,4,2012-07
2018,24,,서울특별시 서대문구 안산도시공원(구의회방향),생활방범,3,2012-07
2018,25,,서울특별시 서대문구 안산도시공원(아파트방향),생활방범,3,2012-07
2018,26,,서울특별시 서대문구 안산도시공원(신일교회방향),생활방범,3,2012-07
2018,27,,서울특별시 서대문구 호박골공원(아파트입구),생활방범,3,2012-07
2018,28,,서울특별시 서대문구 호박골공원(배드민턴장),생활방범,3,2012-07
2018,29,,"서울특별시 서대문구 호박골공원(축구장,회전형)",생활방범,1,2012-07
2018,30,,"서울특별시 서대문구 호박골공원(놀이시설,회전형)",생활방범,1,2012-07
2018,31,,서울특별시 서대문구 호박골공원(관리사무소),생활방범,2,2012-07
2018,32,,서울특별시 서대문구 호박골공원(주택입구),생활방범,3,2012-07
2018,33,,서울특별시 서대문구 배롱나무쉼터,생활방범,2,2012-07
2018,34,,서울특별시 서대문구 안산자락길(화장실),생활방범,3,2013-10
2018,35,,서울특별시 서대문구 안산자락길(북카페),생활방범,2,2013-10
2018,36,,서울특별시 서대문구 고은산공원(계단입구),생활방범,2,2013-10
2018,37,,"서울특별시 서대문구 고은산공원(놀이시설, 배드민턴)",생활방범,3,2013-10
2018,38,,서울특별시 서대문구 호박골공원(놀이시설 입구),생활방범,3,2013-10
2018,39,,서울특별시 서대문구 은가어린이공원(정자),생활방범,2,2013-10
2018,40,,서울특별시 서대문구 은가어린이공원(입구),생활방범,2,2013-10
2018,41,,서울특별시 서대문구 모랫재공원,생활방범,2,2013-10
2018,42,,서울특별시 서대문구 궁말어린이공원(놀이시설),생활방범,2,2013-10
2018,43,,서울특별시 서대문구 궁말어린이공원(입구),생활방범,2,2013-10
2018,44,,서울특별시 서대문구 거꾸로어린이공원,생활방범,2,2013-10
2018,45,,서울특별시 서대문구 백련근린공원 자연체험장 (입구),생활방범,1,2013-12
2018,46,,서울특별시 서대문구 백련근린공원 자연체험장 (체육시설),생활방범,1,2013-12
2018,47,,서울특별시 서대문구 백련근린공원 자연체험장 (갈림길),생활방범,1,2013-12
2018,48,,서울특별시 서대문구 백련근린공원 자연체험장 (육각정),생활방범,1,2013-12
2018,49,,서울특별시 서대문구 백련근린공원 자연체험장 (원두막),생활방범,1,2013-12
2018,50,,서울특별시 서대문구 나비울어린이공원(기부채납),생활방범,4,2014-01
2018,51,,서울특별시 서대문구 봉원소공원,생활방범,3,2014-07
2018,52,,서울특별시 서대문구 복주우물공원,생활방범,2,2014-07
2018,53,,"서울특별시 서대문구 중앙근린공원(정자4,도서관1,화장실2,공터)",생활방범,8,2012-11
2018,54,,서울특별시 서대문구 중앙근린공원 (가재울4구역),생활방범,9,2016-09
2018,55,,서울특별시 서대문구 안산도시자연공원(화장실 앞),생활방범,2,2014-11
2018,56,,서울특별시 서대문구 안산자락길(숲속무대 화장실 앞),생활방범,3,2014-11
2018,57,,서울특별시 서대문구 궁동근린공원 (어린이놀이터),생활방범,1,2014-11
2018,58,,서울특별시 서대문구 궁동근린공원 (어린이놀이터),생활방범,4,2015-04
2018,59,,서울특별시 서대문구 북한산도시자연공원(홍은동 8-637일대),생활방범,2,2014-11
2018,60,,서울특별시 서대문구 인왕산도시자연공원 (개미마을 어린이놀이터),생활방범,3,2015-04
2018,61,,서울특별시 서대문구 인왕산도시자연공원 (쌈지마당 어린이놀이터),생활방범,4,2015-04
2018,62,,서울특별시 서대문구 창천골목공원,생활방범,1,2015-11
2018,63,,서울특별시 서대문구 창천골목공원,생활방범,2,2015-11
2018,64,,서울특별시 서대문구 연희어린이공원,생활방범,1,2015-11
2018,65,,서울특별시 서대문구 홍연마을마당,생활방범,1,2015-11
2018,66,,서울특별시 서대문구 동구물어린이공원,생활방범,1,2015-11
2018,67,,서울특별시 서대문구 중앙소공원,생활방범,2,2015-11
2018,68,,서울특별시 서대문구 인왕소공원,생활방범,1,2015-11
2018,69,,서울특별시 서대문구 가재울어린이공원,생활방범,1,2015-11
2018,70,,서울특별시 서대문구 무궁화소공원,생활방범,2,2016-07
2018,71,,서울특별시 서대문구 가재어린이공원,생활방범,13,2016-09
2018,72,,서울특별시 서대문구 한울소공원,생활방범,4,2016-09
2018,73,,서울특별시 서대문구 모래내어린이공원,생활방범,8,2016-09
2018,74,,서울특별시 서대문구 복주산근린공원,생활방범,9,2016-10
2018,75,,서울특별시 서대문구 복주산근린공원,생활방범,7,2018-02
2018,76,,서울특별시 서대문구 북아현연결녹지공원,생활방범,2,2016-10
2018,77,,서울특별시 서대문구 궁뜰어린이공원,생활방범,2,2016-12
2018,78,,서울특별시 서대문구 상암곡어린이공원,생활방범,1,2016-12
2018,79,,서울특별시 서대문구 고은산전망대,생활방범,3,2016-12
2018,80,,서울특별시 서대문구 문화촌어린이공원,생활방범,2,2016-12
2018,81,,서울특별시 서대문구 홍은동어린이공원,생활방범,2,2016-12
2018,82,,서울특별시 서대문구 백련근린공원 어린이놀이터,생활방범,2,2016-12
2018,83,,서울특별시 서대문구 무궁화동산 화장실,생활방범,3,2016-12
2018,84,,서울특별시 서대문구 북가좌정원지구 어린이공원,생활방범,3,2016-12
2018,85,,서울특별시 서대문구 보은소공원,생활방범,2,2016-12
2018,86,,서울특별시 서대문구 한성어린이공원,생활방범,11,2017-03
2018,87,,서울특별시 서대문구 너른바위 어린이공원,생활방범,11,2017-03
2018,88,,서울특별시 서대문구 북성어린이공원,생활방범,9,2017-03
2018,89,,서울특별시 서대문구 동그라미쉼터,생활방범,6,2017-03
2018,90,,서울특별시 서대문구 너나들이쉼터,생활방범,7,2017-03
2018,91,,서울특별시 서대문구 북아현1-3 공공공지,생활방범,2,2017-03
2018,92,,서울특별시 서대문구 아현역 소공원,생활방범,3,2017-03
2018,93,,서울특별시 서대문구 다람쥐어린이공원,생활방범,2,2017-12
2018,94,,서울특별시 서대문구 둥글레소공원,생활방범,4,2017-12
2018,95,,서울특별시 서대문구 문화공원,생활방범,4,2017-12
2018,96,,서울특별시 서대문구 홍은한마당 화장실,생활방범,2,2017-12
2018,97,,서울특별시 서대문구 홍은12구역 소공원,생활방범,4,2017-12
2018,98,,서울특별시 서대문구 현저동 무악재고개(하늘다리),생활방범,4,2017-12
2018,99,,서울특별시 서대문구 북한산자락길 화장실 앞,생활방범,4,2018-03
2018,100,,서울특별시 서대문구 안산 밤고개놀이터,생활방범,6,2018-10
2018,101,,서울특별시 서대문구 까치소공원,생활방범,3,2018-10
2018,102,,서울특별시 서대문구 바람산어린이공원,생활방범,3,2018-10
2018,103,,서울특별시 서대문구 충정로3가 120-2,생활방범,1,2006-04
2018,104,,서울특별시 서대문구 영천동 69-54,생활방범,1,2006-04
2018,105,,서울특별시 서대문구 북아현동 1-696,생활방범,1,2006-04
2018,106,,서울특별시 서대문구 북아현동 3-392,생활방범,1,2006-04
2018,107,,서울특별시 서대문구 북아현동 187-1,생활방범,1,2006-04
2018,108,,서울특별시 서대문구 북아현동 117-29,생활방범,1,2006-04
2018,109,,서울특별시 서대문구 북가좌2동 75-155,생활방범,1,2006-04
2018,110,,서울특별시 서대문구 북아현동 906-1,생활방범,1,2006-04
2018,111,,서울특별시 서대문구 대신동 141-1,생활방범,1,2006-04
2018,112,,서울특별시 서대문구 창천동 90-46,생활방범,1,2006-04
2018,113,,서울특별시 서대문구 창천동 465,생활방범,1,2006-04
2018,114,,서울특별시 서대문구 창천동 511-5,생활방범,1,2006-04
2018,115,,서울특별시 서대문구 연희동 151-84,생활방범,1,2006-04
2018,116,,서울특별시 서대문구 연희동 194-34,생활방범,1,2006-04
2018,117,,서울특별시 서대문구 연희동 344-140,생활방범,1,2006-04
2018,118,,서울특별시 서대문구 연희동 446-196,생활방범,1,2006-04
2018,119,,서울특별시 서대문구 연희동 446-140,생활방범,1,2006-04
2018,120,,서울특별시 서대문구 홍제1동 156-359,생활방범,1,2006-04
2018,121,,서울특별시 서대문구 홍제1동 330-113,생활방범,1,2006-04
2018,122,,서울특별시 서대문구 홍제1동 361-5,생활방범,1,2006-04
2018,123,,서울특별시 서대문구 홍제2동 177-2,생활방범,1,2006-04
2018,124,,서울특별시 서대문구 남가좌동 289-54,생활방범,1,2006-04
2018,125,,서울특별시 서대문구 홍제3동 268-15,생활방범,1,2006-04
2018,126,,서울특별시 서대문구 홍은1동 9-65,생활방범,1,2006-04
2018,127,,서울특별시 서대문구 홍은1동 9-152,생활방범,1,2006-04
2018,128,,서울특별시 서대문구 홍은1동 11-413,생활방범,1,2006-04
2018,129,,서울특별시 서대문구 홍은1동 19-13,생활방범,4,2006-04
2018,130,,서울특별시 서대문구 남가좌2동 342-27,생활방범,1,2006-04
2018,131,,서울특별시 서대문구 남가좌2동 5-42,생활방범,1,2006-04
2018,132,,서울특별시 서대문구 북가좌2동 5-15,생활방범,1,2006-04
2018,133,,서울특별시 서대문구 북가좌2동 75-126,생활방범,1,2006-04
2018,134,,서울특별시 서대문구 북가좌2동 318-1,생활방범,1,2006-04
2018,135,,서울특별시 서대문구 북아현동 135-4,생활방범,5,2008-02
2018,136,,서울특별시 서대문구 북아현동 산1-445,생활방범,5,2008-02
2018,137,,서울특별시 서대문구 대현동 37-2,생활방범,5,2008-02
2018,138,,서울특별시 서대문구 창천동 470,생활방범,4,2008-02
2018,139,,서울특별시 서대문구 연희동 124-44,생활방범,5,2008-02
2018,140,,서울특별시 서대문구 홍은2동 265-340,생활방범,3,2008-02
2018,141,,서울특별시 서대문구 북가좌1동 372-19,생활방범,3,2008-02
2018,142,,서울특별시 서대문구 북가좌2동 3-107,생활방범,1,2008-02
2018,143,,서울특별시 서대문구 북가좌2동 337-37,생활방범,1,2008-02
2018,144,,서울특별시 서대문구 북가좌2동 295-24,생활방범,1,2008-02
2018,145,,서울특별시 서대문구 북아현동 1-93,생활방범,5,2009-05
2018,146,,서울특별시 서대문구 북아현동 113-22,생활방범,4,2009-05
2018,147,,서울특별시 서대문구 창천동 4-62,생활방범,4,2009-05
2018,148,,서울특별시 서대문구 창천동 13-55,생활방범,5,2009-05
2018,149,,서울특별시 서대문구 창천동 113-10,생활방범,5,2009-05
2018,150,,서울특별시 서대문구 연희동 109-1,생활방범,5,2009-05
2018,151,,서울특별시 서대문구 연희동 137-6,생활방범,5,2009-05
2018,152,,서울특별시 서대문구 연희동 142-18,생활방범,5,2009-05
2018,153,,서울특별시 서대문구 홍제1동 313-8,생활방범,5,2009-05
2018,154,,서울특별시 서대문구 홍제3동 6-67,생활방범,5,2009-05
2018,155,,서울특별시 서대문구 홍은2동 188-29,생활방범,5,2009-05
2018,156,,서울특별시 서대문구 창천동 5-6,생활방범,1,2009-11
2018,157,,서울특별시 서대문구 연희동 1-11,생활방범,1,2009-11
2018,158,,서울특별시 서대문구 연희동 113-2,생활방범,1,2009-11
2018,159,,서울특별시 서대문구 홍제1동 341-18,생활방범,1,2009-11
2018,160,,서울특별시 서대문구 홍제2동 136-14,생활방범,1,2009-11
2018,161,,서울특별시 서대문구 충정로3가 3-52,생활방범,1,2009-11
2018,162,,서울특별시 서대문구 충정로3가 477,생활방범,3,2009-11
2018,163,,서울특별시 서대문구 천연동 120-90,생활방범,1,2010-04
2018,164,,서울특별시 서대문구 북아현동 1-362,생활방범,1,2010-04
2018,165,,서울특별시 서대문구 북아현동 3-68,생활방범,1,2009-11
2018,166,,서울특별시 서대문구 북아현동 695,생활방범,1,2009-11
2018,167,,서울특별시 서대문구 북아현동 82,생활방범,1,2009-11
2018,168,,서울특별시 서대문구 북가좌2동 347-40,생활방범,1,2010-04
2018,169,,서울특별시 서대문구 대신동 125-26,생활방범,1,2010-04
2018,170,,서울특별시 서대문구 창천동 62-22,생활방범,1,2010-04
2018,171,,서울특별시 서대문구 창천동 97-114,생활방범,1,2010-04
2018,172,,서울특별시 서대문구 창천동 100-133,생활방범,1,2009-11
2018,173,,서울특별시 서대문구 창천동 386,생활방범,1,2009-11
2018,174,,서울특별시 서대문구 연희동 42-31,생활방범,1,2009-11
2018,175,,서울특별시 서대문구 연희동 96-12,생활방범,1,2009-11
2018,176,,서울특별시 서대문구 연희동 200,생활방범,1,2009-11
2018,177,,서울특별시 서대문구 연희동 351-25,생활방범,1,2009-11
2018,178,,서울특별시 서대문구 연희동 413-60,생활방범,1,2010-04
2018,179,,서울특별시 서대문구 연희동 523-24,생활방범,1,2009-11
2018,180,,서울특별시 서대문구 연희동 529-20,생활방범,1,2009-11
2018,181,,서울특별시 서대문구 연희동 542-44,생활방범,1,2009-11
2018,182,,서울특별시 서대문구 홍제동 360-10,생활방범,1,2010-04
2018,183,,서울특별시 서대문구 홍제동 313-20,생활방범,4,2010-04
2018,184,,서울특별시 서대문구 홍제1동 364-1,생활방범,4,2010-04
2018,185,,서울특별시 서대문구 북가좌동 306-17 맞은편,생활방범,4,2010-04
2018,186,,서울특별시 서대문구 홍제3동 266-215,생활방범,3,2010-04
2018,187,,서울특별시 서대문구 홍제3동 304-102,생활방범,1,2010-04
2018,188,,서울특별시 서대문구 홍제1동 308-102,생활방범,1,2010-04
2018,189,,서울특별시 서대문구 홍은1동 8-368,생활방범,5,2010-04
2018,190,,서울특별시 서대문구 홍은1동 8-476,생활방범,4,2010-04
2018,191,,서울특별시 서대문구 홍은1동 8-505,생활방범,4,2010-04
2018,192,,서울특별시 서대문구 홍은1동 11-82,생활방범,1,2010-04
2018,193,,서울특별시 서대문구 홍은1동 11-124,생활방범,5,2010-04
2018,194,,서울특별시 서대문구 홍은1동 11-318,생활방범,4,2010-04
2018,195,,서울특별시 서대문구 홍은1동 440-5,생활방범,4,2010-04
2018,196,,서울특별시 서대문구 홍은2동 191-95,생활방범,1,2010-04
2018,197,,서울특별시 서대문구 홍은2동 204-4,생활방범,1,2010-04
2018,198,,서울특별시 서대문구 남가좌2동 339-9,생활방범,1,2010-04
2018,199,,서울특별시 서대문구 홍은2동 338-129,생활방범,6,2011-02
2018,200,,서울특별시 서대문구 홍은2동 399-2,생활방범,5,2011-02
2018,201,,서울특별시 서대문구 남가좌동 5-276,생활방범,5,2011-02
2018,202,,서울특별시 서대문구 남가좌동 326-21,생활방범,5,2011-02
2018,203,,서울특별시 서대문구 남가좌동 364-4,생활방범,4,2011-02
2018,204,,서울특별시 서대문구 남가좌동 369-23,생활방범,4,2011-02
2018,205,,서울특별시 서대문구 남가좌동 5-241,생활방범,5,2011-02
2018,206,,서울특별시 서대문구 남가좌동 73-191,생활방범,5,2011-02
2018,207,,서울특별시 서대문구 북가좌동 341-24,생활방범,5,2011-02
2018,208,,서울특별시 서대문구 북가좌동 75-35,생활방범,5,2011-02
2018,209,,서울특별시 서대문구 북가좌동 282-39,생활방범,4,2011-02
2018,210,,서울특별시 서대문구 북가좌동 288-9,생활방범,4,2011-02
2018,211,,서울특별시 서대문구 북가좌동 277-1,생활방범,4,2011-02
2018,212,,서울특별시 서대문구 북가좌동 74-110,생활방범,5,2011-02
2018,213,,서울특별시 서대문구 연희동 88-26,생활방범,4,2011-02
2018,214,,서울특별시 서대문구 천연동 112,생활방범,5,2011-02
2018,215,,서울특별시 서대문구 연희3동 48-34,생활방범,5,2011-02
2018,216,,서울특별시 서대문구 홍은2동 164,생활방범,4,2011-02
2018,217,,서울특별시 서대문구 홍은2동 277-94,생활방범,5,2011-02
2018,218,,서울특별시 서대문구 연희동 444-44,생활방범,4,2011-02
2018,219,,서울특별시 서대문구 북가좌1동 186-115,생활방범,4,2011-02
2018,220,,서울특별시 서대문구 북가좌2동 3-82,생활방범,5,2011-02
2018,221,,서울특별시 서대문구 홍제3동 280-9,생활방범,5,2011-02
2018,222,,서울특별시 서대문구 홍제1동 334-53,생활방범,4,2011-02
2018,223,,서울특별시 서대문구 남가좌동 346-4,생활방범,3,2012-06
2018,224,,서울특별시 서대문구 남가좌2동 7-4,생활방범,5,2012-06
2018,225,,서울특별시 서대문구 대현동 90-54,생활방범,4,2012-06
2018,226,,서울특별시 서대문구 북가좌1동 370-1,생활방범,5,2012-06
2018,227,,서울특별시 서대문구 북가좌2동 342-14,생활방범,5,2012-06
2018,228,,서울특별시 서대문구 북가좌2동 344-31,생활방범,5,2012-06
2018,229,,서울특별시 서대문구 북가좌2동 5-128,생활방범,5,2012-06
2018,230,,서울특별시 서대문구 연희동 126-1,생활방범,4,2012-06
2018,231,,서울특별시 서대문구 홍은2동 265-385,생활방범,5,2012-06
2018,232,,서울특별시 서대문구 홍은2동 392-13,생활방범,5,2012-06
2018,233,,서울특별시 서대문구 대현동 110-45 (창천동4-17),생활방범,4,2012-06
2018,234,,서울특별시 서대문구 홍제1동 356-13,생활방범,5,2012-06
2018,235,,서울특별시 서대문구 홍제2동 114-1,생활방범,6,2012-06
2018,236,,서울특별시 서대문구 홍제3동 260-11,생활방범,5,2012-06
2018,237,,서울특별시 서대문구 홍제1동 158-12,생활방범,4,2012-12
2018,238,,서울특별시 서대문구 북아현동 215 (북성초교),생활방범,4,2012-12
2018,239,,서울특별시 서대문구 남가좌1동 102-36,생활방범,4,2012-12
2018,240,,서울특별시 서대문구 남가좌1동 289-43,생활방범,5,2012-12
2018,241,,서울특별시 서대문구 남가좌1동 150-74,생활방범,4,2012-12
2018,242,,서울특별시 서대문구 북아현동 593,생활방범,5,2012-12
2018,243,,서울특별시 서대문구 대현동 45-38,생활방범,4,2012-12
2018,244,,서울특별시 서대문구 연희동 170-121,생활방범,4,2012-12
2018,245,,서울특별시 서대문구 홍은2동 338-31,생활방범,5,2012-12
2018,246,,서울특별시 서대문구 홍은2동 377-3,생활방범,5,2012-12
2018,247,,서울특별시 서대문구 홍은2동 265-337,생활방범,3,2012-12
2018,248,,서울특별시 서대문구 북가좌1동 380-1,생활방범,4,2012-12
2018,249,,서울특별시 서대문구 북가좌2동 5-25,생활방범,5,2012-12
2018,250,,서울특별시 서대문구 홍제3동 305-4,생활방범,4,2012-12
2018,251,,서울특별시 서대문구 북가좌2동 330-19 (란헤어샵),생활방범,4,2013-02
2018,252,,서울특별시 서대문구 북가좌2동 330-7 (센텀시티),생활방범,4,2013-02
2018,253,,서울특별시 서대문구 북가좌2동 342-5,생활방범,4,2013-02
2018,254,,서울특별시 서대문구 북가좌2동 338-21 (거꾸로어린이공원),생활방범,4,2013-02
2018,255,,서울특별시 서대문구 북가좌2동 337-6 (기룡하이츠),생활방범,4,2013-02
2018,256,,서울특별시 서대문구 북가좌2동 332-11 (해물탕아구찜),생활방범,4,2013-02
2018,257,,서울특별시 서대문구 충정로3가 284,생활방범,4,2013-12
2018,258,,서울특별시 서대문구 천연동 120-2,생활방범,4,2013-12
2018,259,,서울특별시 서대문구 창천동 13-57,생활방범,3,2013-12
2018,260,,서울특별시 서대문구 창천동 2-46,생활방범,4,2013-12
2018,261,,서울특별시 서대문구 창천동 91-7,생활방범,3,2013-12
2018,262,,서울특별시 서대문구 연희동 1-78,생활방범,3,2013-12
2018,263,,서울특별시 서대문구 연희동 721-1,생활방범,5,2013-12
2018,264,,서울특별시 서대문구 홍제1동 312-243 (새마을회관 앞),생활방범,5,2013-12
2018,265,,서울특별시 서대문구 홍제1동 167-30,생활방범,4,2013-12
2018,266,,서울특별시 서대문구 홍제3동 287-22,생활방범,4,2013-12
2018,267,,서울특별시 서대문구 홍은1동 11-756,생활방범,4,2013-12
2018,268,,서울특별시 서대문구 홍은2동 396-22,생활방범,4,2013-12
2018,269,,서울특별시 서대문구 남가좌2동 190-1 (삼각소공원 앞),생활방범,5,2013-12
2018,270,,서울특별시 서대문구 북가좌1동 368-19 (문화빌라 앞 삼거리),생활방범,4,2013-12
2018,271,,서울특별시 서대문구 연희동 334-81,생활방범,1,2013-12
2018,272,,"서울특별시 서대문구 북아현동 118-99 (팔각정, 체육시설)",생활방범,5,2014-01
2018,273,,서울특별시 서대문구 충정로2가 65-33,생활방범,3,2014-11
2018,274,,서울특별시 서대문구 충정로2가 61,생활방범,3,2014-11
2018,275,,서울특별시 서대문구 충정로3가 3-324 맞은편 (금화시민아파트),생활방범,3,2014-11
2018,276,,서울특별시 서대문구 창천동 50-3,생활방범,4,2014-11
2018,277,,서울특별시 서대문구 연희동 309-1,생활방범,4,2014-11
2018,278,,서울특별시 서대문구 연희동 537-30,생활방범,4,2014-11
2018,279,,서울특별시 서대문구 홍제동 312-79,생활방범,5,2014-11
2018,280,,서울특별시 서대문구 홍제동 274-7 맞은편,생활방범,4,2014-11
2018,281,,서울특별시 서대문구 북가좌동 5-151,생활방범,4,2014-11
2018,282,,서울특별시 서대문구 북가좌동 73-15 맞은편,생활방범,3,2014-11
2018,283,,서울특별시 서대문구 대현동 34-48 맞은편,생활방범,3,2015-12
2018,284,,서울특별시 서대문구 창천동 29-16,생활방범,4,2015-12
2018,285,,서울특별시 서대문구 연희동 187-3,생활방범,4,2015-12
2018,286,,서울특별시 서대문구 홍제동 192-42 맞은편,생활방범,4,2015-12
2018,287,,서울특별시 서대문구 홍제동 5-78,생활방범,4,2015-12
2018,288,,서울특별시 서대문구 홍은동 191-149 맞은편,생활방범,3,2015-12
2018,289,,서울특별시 서대문구 홍은동 265-148 (홍은2동 제2공영주차장),생활방범,4,2015-12
2018,290,,서울특별시 서대문구 남가좌동 338-33,생활방범,5,2015-12
2018,291,,서울특별시 서대문구 남가좌동 331-8,생활방범,5,2015-12
2018,292,,서울특별시 서대문구 북가좌동 302-31,생활방범,5,2015-12
2018,293,,서울특별시 서대문구 북가좌동 385-1,생활방범,5,2015-12
2018,294,,서울특별시 서대문구 대현동 34-19,생활방범,3,2016-07
2018,295,,서울특별시 서대문구 홍제동 308-86,생활방범,4,2016-08
2018,296,,서울특별시 서대문구 충정로3가 8-5,생활방범,4,2016-12
2018,297,,서울특별시 서대문구 옥천동 126-130,생활방범,5,2016-12
2018,298,,서울특별시 서대문구 창천동 222,생활방범,4,2016-12
2018,299,,서울특별시 서대문구 신촌동 2-156,생활방범,4,2016-12
2018,300,,서울특별시 서대문구 연희동 79-3,생활방범,4,2016-12
2018,301,,서울특별시 서대문구 연희동 340-8,생활방범,4,2016-12
2018,302,,서울특별시 서대문구 연희동 30,생활방범,4,2016-12
2018,303,,서울특별시 서대문구 연희동 119-7,생활방범,4,2016-12
2018,304,,서울특별시 서대문구 연희동 721,생활방범,4,2016-12
2018,305,,서울특별시 서대문구 연희동 723-10,생활방범,4,2016-12
2018,306,,서울특별시 서대문구 연희동 711-37,생활방범,4,2016-12
2018,307,,서울특별시 서대문구 연희동 162-15,생활방범,4,2016-12
2018,308,,서울특별시 서대문구 연희동 537-48,생활방범,4,2016-12
2018,309,,서울특별시 서대문구 연희동 104-3,생활방범,4,2016-12
2018,310,,서울특별시 서대문구 연희동 340-40,생활방범,2,2016-12
2018,311,,서울특별시 서대문구 홍제동 334-107,생활방범,4,2016-12
2018,312,,서울특별시 서대문구 홍제동 24-16,생활방범,6,2016-12
2018,313,,서울특별시 서대문구 충정로3가 7-68,생활방범,5,2016-12
2018,314,,서울특별시 서대문구 홍제동 337-1,생활방범,3,2016-12
2018,315,,서울특별시 서대문구 홍은동 8-620,생활방범,5,2016-12
2018,316,,서울특별시 서대문구 홍은동 14-7,생활방범,4,2016-12
2018,317,,서울특별시 서대문구 홍은동 206-18,생활방범,4,2016-12
2018,318,,서울특별시 서대문구 홍은동 265-181,생활방범,5,2016-12
2018,319,,서울특별시 서대문구 북가좌동 383-7,생활방범,4,2016-12
2018,320,,서울특별시 서대문구 북가좌동 302-26,생활방범,5,2016-12
2018,321,,서울특별시 서대문구 남가좌동 343-28,생활방범,5,2016-12
2018,322,,서울특별시 서대문구 현저동 1019,생활방범,4,2017-03
2018,323,,서울특별시 서대문구 북가좌동 75-128,생활방범,2,2017-03
2018,324,,서울특별시 서대문구 홍제동 466,생활방범,4,2017-03
2018,325,,서울특별시 서대문구 홍제동 312-178,생활방범,3,2017-03
2018,326,,서울특별시 서대문구 홍제동 278-50,생활방범,3,2017-03
2018,327,,서울특별시 서대문구 홍은동 22,생활방범,4,2017-03
2018,328,,서울특별시 서대문구 홍은동 9-477,생활방범,3,2017-03
2018,329,,서울특별시 서대문구 홍은동 10-24,생활방범,5,2017-03
2018,330,,서울특별시 서대문구 홍은동 304-1,생활방범,4,2017-03
2018,331,,서울특별시 서대문구 홍은동 275-27,생활방범,4,2017-03
2018,332,,서울특별시 서대문구 충정로3가 3-63,생활방범,4,2017-12
2018,333,,서울특별시 서대문구 충정로3가 32-35 맞은편,생활방범,3,2017-12
2018,334,,서울특별시 서대문구 충정로3가 189-4 맞은편,생활방범,4,2017-12
2018,335,,서울특별시 서대문구 북아현동 117-8,생활방범,5,2017-12
2018,336,,서울특별시 서대문구 창천동 4-22,생활방범,5,2017-12
2018,337,,서울특별시 서대문구 대현동 37-18,생활방범,4,2017-12
2018,338,,서울특별시 서대문구 창천동 80-16,생활방범,1,2017-12
2018,339,,서울특별시 서대문구 창천동 9-20,생활방범,1,2017-12
2018,340,,서울특별시 서대문구 창천동 18-49,생활방범,1,2017-12
2018,341,,서울특별시 서대문구 연희동 421-16 맞은편,생활방범,4,2017-12
2018,342,,서울특별시 서대문구 연희동 151-55 맞은편,생활방범,5,2017-12
2018,343,,서울특별시 서대문구 연희동 3-10 맞은편,생활방범,5,2017-12
2018,344,,서울특별시 서대문구 연희동 117-5,생활방범,5,2017-12
2018,345,,서울특별시 서대문구 연희동 51-74,생활방범,4,2017-12
2018,346,,서울특별시 서대문구 연희동 110-9,생활방범,4,2017-12
2018,347,,서울특별시 서대문구 연희동 436-5,생활방범,5,2017-12
2018,348,,서울특별시 서대문구 홍제동 156-375,생활방범,4,2017-12
2018,349,,서울특별시 서대문구 홍제동 156-365,생활방범,4,2017-12
2018,350,,서울특별시 서대문구 홍제동 360-62,생활방범,4,2017-12
2018,351,,서울특별시 서대문구 홍제동 330-247,생활방범,7,2017-12
2018,352,,서울특별시 서대문구 홍제동 156-367,생활방범,4,2017-12
2018,353,,서울특별시 서대문구 홍제동 137-6,생활방범,7,2017-12
2018,354,,서울특별시 서대문구 홍제동 19-9,생활방범,4,2017-12
2018,355,,서울특별시 서대문구 홍제동 104-32,생활방범,4,2017-12
2018,356,,서울특별시 서대문구 홍제동 256-2,생활방범,2,2017-12
2018,357,,서울특별시 서대문구 홍제동 6-23,생활방범,5,2017-12
2018,358,,서울특별시 서대문구 홍제동 8-77,생활방범,4,2017-12
2018,359,,서울특별시 서대문구 포방교,생활방범,6,2017-12
2018,360,,서울특별시 서대문구 홍제동 8-12,생활방범,4,2017-12
2018,361,,서울특별시 서대문구 홍은동 452-3,생활방범,5,2017-12
2018,362,,서울특별시 서대문구 홍은동 435-10,생활방범,4,2017-12
2018,363,,서울특별시 서대문구 홍은동 8-149,생활방범,4,2017-12
2018,364,,서울특별시 서대문구 홍은동 11-368,생활방범,4,2017-12
2018,365,,서울특별시 서대문구 홍은동 11-386,생활방범,3,2017-12
2018,366,,서울특별시 서대문구 홍은동 11-351,생활방범,4,2017-12
2018,367,,서울특별시 서대문구 홍은동 11-366,생활방범,4,2017-12
2018,368,,서울특별시 서대문구 홍은동 277-101,생활방범,5,2017-12
2018,369,,서울특별시 서대문구 홍은동 324-3,생활방범,4,2017-12
2018,370,,서울특별시 서대문구 홍은동 335-60,생활방범,4,2017-12
2018,371,,서울특별시 서대문구 홍은동 209-4 맞은편,생활방범,4,2017-12
2018,372,,서울특별시 서대문구 홍은동 191-52 맞은편,생활방범,3,2017-12
2018,373,,서울특별시 서대문구 홍은동 190-42 맞은편,생활방범,4,2017-12
2018,374,,서울특별시 서대문구 홍은동 265-333 맞은편,생활방범,4,2017-12
2018,375,,서울특별시 서대문구 홍은동 265-342 맞은편,생활방범,3,2017-12
2018,376,,서울특별시 서대문구 홍은동 325-33 맞은편,생활방범,3,2017-12
2018,377,,서울특별시 서대문구 홍은동 354-8,생활방범,4,2017-12
2018,378,,서울특별시 서대문구 남가좌동 73-346,생활방범,5,2017-12
2018,379,,서울특별시 서대문구 남가좌동 9-32,생활방범,3,2017-12
2018,380,,서울특별시 서대문구 남가좌동 64-8,생활방범,5,2017-12
2018,381,,서울특별시 서대문구 북가좌동 371-1,생활방범,4,2017-12
2018,382,,서울특별시 서대문구 북가좌동 73-10,생활방범,5,2017-12
2018,383,,서울특별시 서대문구 북가좌동 74-214,생활방범,4,2017-12
2018,384,,서울특별시 서대문구 북가좌동 3-204,생활방범,5,2017-12
2018,385,,서울특별시 서대문구 북가좌동 297-2,생활방범,4,2017-12
2018,386,,서울특별시 서대문구 북가좌동 336-33,생활방범,4,2017-12
2018,387,,서울특별시 서대문구 북가좌동 3-110,생활방범,4,2017-12
2018,388,,서울특별시 서대문구 창천동 20-20,생활방범,2,2018-01
2018,389,,서울특별시 서대문구 북아현동 154-26 맞은편,생활방범,4,2018-03
2018,390,,서울특별시 서대문구 대현동 110-20,생활방범,4,2018-03
2018,391,,서울특별시 서대문구 대현동 34-38 맞은편,생활방범,3,2018-03
2018,392,,서울특별시 서대문구 연희동 69-1,생활방범,4,2018-03
2018,393,,서울특별시 서대문구 홍제동 286-10,생활방범,3,2018-03
2018,394,,서울특별시 서대문구 남가좌동 385 (모래내시장 맞은편),생활방범,4,2018-03
2018,395,,서울특별시 서대문구 북가좌동 339-29,생활방범,5,2018-03
2018,396,,서울특별시 서대문구 천연동 120-20,생활방범,1,2018-10
2018,397,,서울특별시 서대문구 북아현동 180-22,생활방범,4,2018-10
2018,398,,서울특별시 서대문구 북아현동 1-45,생활방범,5,2018-10
2018,399,,서울특별시 서대문구 북아현동 113-54,생활방범,4,2018-10
2018,400,,서울특별시 서대문구 대신동 143-9,생활방범,5,2018-10
2018,401,,서울특별시 서대문구 창천동 511-6,생활방범,5,2018-10
2018,402,,서울특별시 서대문구 창천동 100-23,생활방범,4,2018-10
2018,403,,서울특별시 서대문구 창천동 4-110,생활방범,5,2018-10
2018,404,,서울특별시 서대문구 연희동 339-6,생활방범,3,2018-10
2018,405,,서울특별시 서대문구 연희동 344-24 맞은편,생활방범,4,2018-10
2018,406,,서울특별시 서대문구 연희동 138-21 맞은편,생활방범,6,2018-10
2018,407,,서울특별시 서대문구 연희동 1-64 맞은편,생활방범,4,2018-10
2018,408,,서울특별시 서대문구 연희동 345-36 맞은편,생활방범,1,2018-10
2018,409,,서울특별시 서대문구 연희동 437-25,생활방범,4,2018-10
2018,410,,서울특별시 서대문구 홍제동 342-2,생활방범,4,2018-10
2018,411,,서울특별시 서대문구 홍제동 361-14,생활방범,4,2018-10
2018,412,,서울특별시 서대문구 홍제동 356-145,생활방범,5,2018-10
2018,413,,서울특별시 서대문구 홍제동 420 맞은편,생활방범,4,2018-10
2018,414,,서울특별시 서대문구 홍제동 260-21,생활방범,4,2018-10
2018,415,,서울특별시 서대문구 홍은동 8-1554,생활방범,4,2018-10
2018,416,,서울특별시 서대문구 홍은동 8-540,생활방범,4,2018-10
2018,417,,서울특별시 서대문구 홍은동 11-278,생활방범,4,2018-10
2018,418,,서울특별시 서대문구 홍은동 8-145 맞은편,생활방범,4,2018-10
2018,419,,서울특별시 서대문구 홍은동 25-1,생활방범,6,2018-10
2018,420,,서울특별시 서대문구 홍은동 50-12,생활방범,4,2018-10
2018,421,,서울특별시 서대문구 홍은동 191-122 맞은편,생활방범,4,2018-10
2018,422,,서울특별시 서대문구 홍은동 265-208,생활방범,4,2018-10
2018,423,,서울특별시 서대문구 홍은동 277-45,생활방범,5,2018-10
2018,424,,서울특별시 서대문구 남가좌동 104-11,생활방범,4,2018-10
2018,425,,서울특별시 서대문구 남가좌동 345-4,생활방범,1,2018-10
2018,426,,서울특별시 서대문구 남가좌동 326-32,생활방범,5,2018-10
2018,427,,서울특별시 서대문구 남가좌동 335-14,생활방범,5,2018-10
2018,428,,서울특별시 서대문구 북가좌동 5-217,생활방범,5,2018-10
2018,429,,서울특별시 서대문구 북가좌동 5-19,생활방범,5,2018-10
2018,430,,서울특별시 서대문구 북가좌동 80-131,생활방범,5,2018-10
2018,431,,서울특별시 서대문구 북가좌동 324-47,생활방범,4,2018-10
2018,432,,서울특별시 서대문구 북가좌동 286-14,생활방범,4,2018-10
2018,433,,서울특별시 서대문구 북가좌동 281-12,생활방범,4,2018-10
2018,434,,서울특별시 서대문구 북가좌동 348-9,생활방범,4,2018-10
2018,435,,서울특별시 서대문구 북가좌동 286-25,생활방범,1,2018-10
2018,436,,서울특별시 서대문구 북가좌동 328-1,생활방범,1,2018-10
2018,437,,서울특별시 서대문구 북가좌동 276-6,생활방범,5,2018-10
2018,438,,서울특별시 서대문구 북가좌2동 307-17,생활방범,1,2005-02
2018,439,,서울특별시 서대문구 북가좌2동 307-21,생활방범,1,2005-02
2018,440,,서울특별시 서대문구 북가좌2동 309-14,생활방범,1,2005-02
2018,441,,서울특별시 서대문구 북가좌2동 312-2,생활방범,1,2005-02
2018,442,,서울특별시 서대문구 북가좌2동 315-28,생활방범,1,2005-02
2018,443,,서울특별시 서대문구 북가좌2동 317-20,생활방범,1,2005-02
2018,444,,서울특별시 서대문구 북가좌2동 321-1,생활방범,1,2005-02
2018,445,,서울특별시 서대문구 북가좌2동 312-17,생활방범,1,2005-02
2018,446,,서울특별시 서대문구 북가좌2동 324-19,생활방범,1,2005-02
2018,447,,서울특별시 서대문구 북가좌2동 327-10,생활방범,1,2005-02
2018,448,,서울특별시 서대문구 북가좌2동 343-23,생활방범,1,2005-02
2018,449,,서울특별시 서대문구 홍은2동 405-16,생활방범,1,2006-02
2018,450,,서울특별시 서대문구 홍은2동 407-18,생활방범,1,2006-02
2018,451,,서울특별시 서대문구 홍은2동 409-4,생활방범,1,2006-02
2018,452,,서울특별시 서대문구 홍은2동 409-50,생활방범,1,2006-02
2018,453,,서울특별시 서대문구 홍은2동 410-21,생활방범,1,2006-02
2018,454,,서울특별시 서대문구 홍은2동 410-45,생활방범,1,2006-02
2018,455,,서울특별시 서대문구 홍은2동 413-17,생활방범,1,2006-02
2018,456,,서울특별시 서대문구 홍은2동 412-26,생활방범,1,2006-02
2018,457,,서울특별시 서대문구 홍은2동 415-1,생활방범,1,2006-02
2018,458,,서울특별시 서대문구 홍은2동 415-29,생활방범,1,2006-02
2018,459,,서울특별시 서대문구 홍제1동 356-165,생활방범,1,2007-02
2018,460,,서울특별시 서대문구 홍제1동 362-2,생활방범,1,2007-02
2018,461,,서울특별시 서대문구 홍은2동 405-1,생활방범,1,2007-02
2018,462,,서울특별시 서대문구 홍은2동 414-26,생활방범,1,2007-02
2018,463,,서울특별시 서대문구 홍은2동 415-67,생활방범,1,2007-02
2018,464,,서울특별시 서대문구 남가좌2동 325-43,생활방범,1,2007-02
2018,465,,서울특별시 서대문구 남가좌2동 331-31,생활방범,1,2007-02
2018,466,,서울특별시 서대문구 북가좌2동 317-11,생활방범,1,2007-02
2018,467,,서울특별시 서대문구 옥천동 99,생활방범,2,2012-06
2018,468,,서울특별시 서대문구 북가좌동 75-3,생활방범,2,2012-06
2018,469,,서울특별시 서대문구 홍제1동 321-3,생활방범,2,2012-06
2018,470,,서울특별시 서대문구 현저동 1-388,생활방범,2,2012-06
2018,471,,서울특별시 서대문구 홍은1동 48-125,생활방범,4,2012-06
2018,472,,서울특별시 서대문구 남가좌1동 289-47,생활방범,2,2012-06
2018,473,,서울특별시 서대문구 연희동 434-41,생활방범,3,2012-06
2018,474,,서울특별시 서대문구 북가좌2동 325-19,생활방범,2,2012-06
2018,475,,서울특별시 서대문구 미근동 112,생활방범,2,2012-12
2018,476,,서울특별시 서대문구 창천동 248,생활방범,2,2012-12
2018,477,,서울특별시 서대문구 연희동 340-59,생활방범,2,2012-12
2018,478,,서울특별시 서대문구 홍제동 178-1,생활방범,2,2012-12
2018,479,,서울특별시 서대문구 홍은동 265-285,생활방범,2,2012-12
2018,480,,서울특별시 서대문구 홍은동 8-525,생활방범,2,2012-12
2018,481,,서울특별시 서대문구 북가좌동 372-1~383-18,생활방범,2,2012-12
2018,482,,서울특별시 서대문구 북가좌동 345-30,생활방범,2,2012-12
2018,483,,서울특별시 서대문구 신촌동 74-12 맞은편,교통단속,1,2007-02
2018,484,,서울특별시 서대문구 대현동 37-72,교통단속,1,2007-02
2018,485,,서울특별시 서대문구 대현동 56-12,교통단속,1,2007-02
2018,486,,서울특별시 서대문구 대현동 101-34,교통단속,1,2007-02
2018,487,,서울특별시 서대문구 창천동 4-96,교통단속,1,2007-02
2018,488,,서울특별시 서대문구 충정로2가 184-13,교통단속,5,2007-12
2018,489,,서울특별시 서대문구 천연동 41,교통단속,3,2007-12
2018,490,,서울특별시 서대문구 북아현동 130-12,교통단속,3,2007-12
2018,491,,서울특별시 서대문구 창천동 2-33,교통단속,3,2007-12
2018,492,,서울특별시 서대문구 연희동 69-22,교통단속,3,2007-12
2018,493,,서울특별시 서대문구 연희동 92-13,교통단속,3,2007-12
2018,494,,서울특별시 서대문구 홍제3동 301-3,교통단속,3,2007-12
2018,495,,서울특별시 서대문구 홍은2동 409-47,교통단속,3,2007-12
2018,496,,서울특별시 서대문구 남가좌2동 347-2,교통단속,3,2007-12
2018,497,,서울특별시 서대문구 북가좌2동 306-22,교통단속,3,2007-12
2018,498,,서울특별시 서대문구 충정로3가 3-131,교통단속,3,2008-12
2018,499,,서울특별시 서대문구 북아현동 1-254,교통단속,3,2008-12
2018,500,,서울특별시 서대문구 북아현동 176-53,교통단속,3,2008-12
2018,501,,서울특별시 서대문구 홍제3동 266-60,교통단속,3,2008-12
2018,502,,서울특별시 서대문구 홍제3동 287-182 맞은편,교통단속,3,2008-12
2018,503,,서울특별시 서대문구 홍은1동 9-88,교통단속,3,2008-12
2018,504,,서울특별시 서대문구 홍은1동 11-853 맞은편,교통단속,3,2008-12
2018,505,,서울특별시 서대문구 홍은2동 346-1,교통단속,1,2008-12
2018,506,,서울특별시 서대문구 홍은2동 357-8,교통단속,1,2008-12
2018,507,,서울특별시 서대문구 남가좌2동 339-32,교통단속,3,2008-12
2018,508,,서울특별시 서대문구 북가좌2동 283-19,교통단속,1,2008-12
2018,509,,서울특별시 서대문구 북가좌2동 292-13,교통단속,1,2008-12
2018,510,,서울특별시 서대문구 충정로3가 22-1,교통단속,3,2009-06
2018,511,,서울특별시 서대문구 창천동 13-29 (형제갈비),교통단속,4,2009-06
2018,512,,서울특별시 서대문구 홍은2동 395-18,교통단속,3,2009-06
2018,513,,서울특별시 서대문구 홍은2동 427-4,교통단속,3,2009-06
2018,514,,서울특별시 서대문구 남가좌1동 105-29,교통단속,3,2009-06
2018,515,,서울특별시 서대문구 남가좌2동 330-43,교통단속,3,2009-06
2018,516,,서울특별시 서대문구 남가좌2동 74-17 맞은편,교통단속,3,2009-06
2018,517,,서울특별시 서대문구 북가좌2동 278-1,교통단속,3,2009-06
2018,518,,서울특별시 서대문구 남가좌2동 354-53,교통단속,1,2011-12
2018,519,,서울특별시 서대문구 연희동 353-76,교통단속,1,2011-12
2018,520,,서울특별시 서대문구 창천동 57-18 (창천어린이공원),교통단속,2,2011-12
2018,521,,서울특별시 서대문구 냉천동 147(서대문성당),교통단속,1,2011-12
2018,522,,서울특별시 서대문구 홍제동 107-2 맞은편 (인왕현대아파트 진입로),교통단속,1,2012-01
2018,523,,서울특별시 서대문구 미근동 101-5 [미동초교(돈까스집)],교통단속,3,2013-12
2018,524,,서울특별시 서대문구 창천동 57-66 맞은편 [창서초교(정문앞)],교통단속,6,2013-12
2018,525,,서울특별시 서대문구 창천동 57-36 맞은편 [창서초교(숯불생고기)],교통단속,5,2013-12
2018,526,,서울특별시 서대문구 창천동 67-13 맞은편 [창서초교(미용실)],교통단속,5,2013-12
2018,527,,서울특별시 서대문구 대현동 62-1 맞은편 [신현유치원],교통단속,3,2013-12
2018,528,,서울특별시 서대문구 남가좌동 3-2 [충암유치원후문],교통단속,3,2013-12
2018,529,,서울특별시 서대문구 남가좌동 236-1 맞은편 [연가초교(정문앞 공원)],교통단속,4,2013-12
2018,530,,서울특별시 서대문구 홍제3동 249-1 [인왕초 정문],교통단속,4,2010-12
2018,531,,서울특별시 서대문구 창천동 9-26 [신촌생고기],교통단속,4,2014-02
2018,532,,서울특별시 서대문구 창천동 52-18 [누들박스],교통단속,4,2014-02
2018,533,,서울특별시 서대문구 창천동 13-111 [돈텐동식당],교통단속,3,2014-02
2018,534,,서울특별시 서대문구 창천동 52-152 [자연담은화로],교통단속,4,2014-02
2018,535,,서울특별시 서대문구 창천동 18-4 [GS25],교통단속,4,2014-02
2018,536,,서울특별시 서대문구 창천동 5-8 [오시리스타워 주차장],교통단속,4,2014-02
2018,537,,서울특별시 서대문구 창천동 89-26 [햇빛부동산 맞은편],교통단속,4,2014-02
2018,538,,서울특별시 서대문구 창천동 52-50 [싸이버사격장],교통단속,5,2011-02
2018,539,,서울특별시 서대문구 연희동 79-11 [카젠 카센터],교통단속,3,2014-02
2018,540,,서울특별시 서대문구 홍제동 245-8 [인왕이발관 옆],교통단속,3,2014-02
2018,541,,서울특별시 서대문구 홍은2동 273-10 (홍은2동 주민센터 앞),교통단속,3,2014-02
2018,542,,서울특별시 서대문구 북가좌동 420-32 [DMC래미안e편한세상4단지 이마트앞],교통단속,3,2014-02
2018,543,,서울특별시 서대문구 북가좌동 106-2 [중앙근린공원],교통단속,3,2014-02
2018,544,,서울특별시 서대문구 홍제동 105-98 [인왕유치원 앞],교통단속,3,2014-08
2018,545,,서울특별시 서대문구 홍제동 460 맞은편 [현대경복유치원 앞],교통단속,3,2014-08
2018,546,,서울특별시 서대문구 충정로3가 360-26 맞은편 [PUB 호프집 앞],교통단속,3,2015-02
2018,547,,서울특별시 서대문구 연희동 132-38 [동양공인중개사 앞],교통단속,3,2015-02
2018,548,,서울특별시 서대문구 홍제동 264-8 [인왕떡집 앞],교통단속,3,2015-02
2018,549,,서울특별시 서대문구 홍제동 295-35 [인왕약국 앞],교통단속,3,2015-02
2018,550,,서울특별시 서대문구 홍제동 251 [세무서 앞],교통단속,4,2015-02
2018,551,,서울특별시 서대문구 북가좌동 186-36 [북가좌현대아파트 102동 앞],교통단속,3,2015-02
2018,552,,서울특별시 서대문구 충정로2가 74 맞은편 [인창고등학교담벼락],교통단속,3,2015-09
2018,553,,서울특별시 서대문구 북아현동 215-1 [북성초등학교 체육관],교통단속,3,2015-09
2018,554,,서울특별시 서대문구 연희동 89-19 [연희초 육교],교통단속,3,2015-09
2018,555,,서울특별시 서대문구 홍제동 317-10 맞은편 [서울예술실용전문학교 정문],교통단속,3,2015-09
2018,556,,서울특별시 서대문구 홍은동 277-66 [서대문문화체육회관 앞],교통단속,3,2015-09
2018,557,,서울특별시 서대문구 북가좌동 376-18 [북가좌초 주차장],교통단속,3,2015-09
2018,558,,서울특별시 서대문구 북아현동 251-99 [대신초],교통단속,3,2016-12
2018,559,,서울특별시 서대문구 대신동 6-13 [이대부속유치원],교통단속,3,2016-12
2018,560,,서울특별시 서대문구 연희동 80-2 [외국인학교],교통단속,3,2016-12
2018,561,,서울특별시 서대문구 홍제동 25-13 [한양유치원],교통단속,3,2016-12
2018,562,,서울특별시 서대문구 남가좌동 188-6 [가재울초교],교통단속,3,2016-12
2018,563,,서울특별시 서대문구 남가좌동 119-41 [가재울초교],교통단속,3,2016-12
2018,564,,서울특별시 서대문구 홍은동 48-16,교통단속,3,2016-12
2018,565,,서울특별시 서대문구 홍은동 396-26,교통단속,3,2016-12
2018,566,,서울특별시 서대문구 북가좌동 486,교통단속,3,2016-12
2018,567,,서울특별시 서대문구 남가좌동 124-269,교통단속,3,2016-12
2018,568,,서울특별시 서대문구 충정로3가 476 [난타공연장 앞],교통단속,3,2016-12
2018,569,,서울특별시 서대문구 북아현동 221-12 [고기정육시장 앞],교통단속,3,2016-12
2018,570,,서울특별시 서대문구 창천동 506-17 [뚜레쥬르 앞],교통단속,3,2016-12
2018,571,,서울특별시 서대문구 미근동 165 [미근119 안전센터 앞],교통단속,4,2017-11
2018,572,,서울특별시 서대문구 북아현동 136-21 [e편한세상4단지 뒤편 CU편의점],교통단속,4,2017-11
2018,573,,서울특별시 서대문구 홍제동 266-151 [마을탕 앞],교통단속,3,2017-11
2018,574,,서울특별시 서대문구 홍은2동 산26-170 (홍연초교 교재원),교통단속,4,2010-12
2018,575,,서울특별시 서대문구 홍제3동 287-261 (홍은초 후문),교통단속,5,2010-12
2018,576,,서울특별시 서대문구 북가좌동 289-4,교통단속,3,2018-01
2018,577,,서울특별시 서대문구 연희동 149,교통단속,4,2018-12
2018,578,,서울특별시 서대문구 홍은동 40-3 맞은편,교통단속,4,2017-12
2018,579,,서울특별시 서대문구 홍은1동 48-95,교통단속,4,2011-02
2018,580,,서울특별시 서대문구 냉천동 200-2 (금화초 정문),어린이보호,3,2010-12
2018,581,,서울특별시 서대문구 천연동 13-30 (감리신학대 정문),어린이보호,4,2010-12
2018,582,,서울특별시 서대문구 북가좌1동 401-1 (북가좌초 정문),어린이보호,4,2010-12
2018,583,,서울특별시 서대문구 북가좌1동 375-12 (북가좌초 서문),어린이보호,4,2010-12
2018,584,,서울특별시 서대문구 홍제1동 47-6 (안산초 정문),어린이보호,4,2010-12
2018,585,,서울특별시 서대문구 홍제1동 44-580 (홍제1동 제3공영주차장),어린이보호,4,2010-12
2018,586,,서울특별시 서대문구 남가좌2동 224-278 (연가초 후문),어린이보호,4,2010-12
2018,587,,서울특별시 서대문구 홍은2동 산26-164  홍연초(명지초∼백련테니스),어린이보호,3,2010-12
2018,588,,서울특별시 서대문구 명지학원 방향 삼거리,어린이보호,4,2010-12
2018,589,,서울특별시 서대문구 홍제3동 286-25  (홍은초 정문),어린이보호,4,2010-12
2018,590,,서울특별시 서대문구 고은초등학교 후문,어린이보호,4,2011-12
2018,591,,서울특별시 서대문구 독립문어린이집,어린이보호,4,2011-12
2018,592,,서울특별시 서대문구 금화초등학교,어린이보호,4,2011-12
2018,593,,서울특별시 서대문구 신현유치원,어린이보호,4,2011-12
2018,594,,서울특별시 서대문구 이대부속초등학교 정문,어린이보호,4,2011-12
2018,595,,서울특별시 서대문구 이대부속초등학교 후문,어린이보호,5,2011-12
2018,596,,서울특별시 서대문구 연희초등학교 정문,어린이보호,5,2011-12
2018,597,,서울특별시 서대문구 연희초등학교 후문,어린이보호,3,2011-12
2018,598,,서울특별시 서대문구 명지초등학교 정문,어린이보호,3,2011-12
2018,599,,서울특별시 서대문구 명지고등학교 체육관,어린이보호,4,2011-12
2018,600,,서울특별시 서대문구 북가좌동 316-32 (북가좌초등학교 대성반점),어린이보호,5,2011-12
2018,601,,서울특별시 서대문구 홍제초교,어린이보호,5,2012-11
2018,602,,서울특별시 서대문구 세브란스어린이집,어린이보호,5,2012-11
2018,603,,서울특별시 서대문구 환희어린이집,어린이보호,5,2012-11
2018,604,,서울특별시 서대문구 홍제성당유치원,어린이보호,4,2012-11
2018,605,,서울특별시 서대문구 미동초교,어린이보호,3,2012-11
2018,606,,서울특별시 서대문구 경기초교,어린이보호,3,2012-11
2018,607,,서울특별시 서대문구 창서초교(편의점),어린이보호,4,2013-12
2018,608,,서울특별시 서대문구 안산초교(후문안 소각장),어린이보호,3,2013-12
2018,609,,서울특별시 서대문구 충암유치원정문,어린이보호,4,2013-12
2018,610,,서울특별시 서대문구 세종유치원,어린이보호,4,2013-12
2018,611,,서울특별시 서대문구 홍제동 300-18,어린이보호,4,2017-12
2018,612,,서울특별시 서대문구 홍은동 48-100,어린이보호,3,2017-12
2018,613,,서울특별시 서대문구 홍은동 305,어린이보호,3,2017-12
2018,614,,"서울특별시 서대문구 홍제내길 227, 홍제동 자전거보관소",시설물관리,4,2017-11
2018,615,,"서울특별시 서대문구 홍제동 266-271, 홍제천 홍제교 상류 우안(중간가압장)",재난재해,1,2017-11
2018,616,,"서울특별시 서대문구 연희동 2-5,  홍제천 안산 방죽",재난재해,2,2017-11
2018,617,,"서울특별시 서대문구 연희동 2-75, 홍제천 안산가압장 앞(홍제천수변공원관리사무소)",재난재해,1,2017-11
2018,618,,"서울특별시 서대문구 연희동 170-185, 홍제천 전망데크 주차장 교각 및 물레방아 건너편",재난재해,2,2017-11
2018,619,,"서울특별시 서대문구 연희동 519-2 , 홍제천 연가교 상류 좌안",재난재해,1,2017-11
2018,620,,"서울특별시 서대문구 남가좌동 107-6, 홍제천 사천교 상류 우안",재난재해,1,2018-06
2018,621,,"서울특별시 마포구 망원동 305-2, 성산대교(홍제천 하상여과시설 전기설비)",재난재해,2,2008-11
2018,622,,"서울특별시 서대문구 홍은동 277-152, 홍제천 홍연2교 돌무지 (1)",재난재해,2,2018-06
2018,623,,"서울특별시 서대문구 홍은동 277-152, 홍제천 홍연2교 돌무지 (2)",재난재해,2,2017-11
2018,624,,"서울특별시 서대문구 연희동 2-75, 홍제천 인공폭포 상부",재난재해,2,2018-06
2018,625,,"서울특별시 서대문구 홍은동 1-4, 옥천교(홍지문밑 다리)",재난재해,1,2018-06
2018,626,,"서울특별시 서대문구 홍은동 9-698, 옥천암(마애좌불 인근)",재난재해,1,2018-06
2018,627,,"서울특별시 서대문구 홍은동 9-699, 옥천2교(홍은초교 인근)",재난재해,1,2018-06
2018,628,,"서울특별시 서대문구 홍은동 9-685, 홍은1동 주민센터 앞",재난재해,1,2018-06
2018,629,,"서울특별시 서대문구 홍제동 277-82, 문화촌",재난재해,1,2018-06
2018,630,,"서울특별시 서대문구 홍은동 265-437, 정원단지 입구",재난재해,1,2018-06
2018,631,,"서울특별시 서대문구 불광천길 42, 불광천 해담는 다리 상류",재난재해,2,2018-06
2018,632,,"서울특별시 서대문구 북가좌동 349-33, 증산3교 하류",재난재해,2,2018-06
2018,633,,"서울특별시 서대문구 창천동 72-1, 현대백화점 옆 (저지대)",재난재해,1,2012-04
2018,634,,"서울특별시 서대문구 북아현동 134-40, 아현역 입구 (저지대)",재난재해,1,2012-04
2018,635,,"서울특별시 서대문구 홍은동 11-1, 백련산저류지 (산불)",재난재해,2,2012-04
2018,636,,"서울특별시 서대문구 현저동 산5-5, 구의회 옥상 (산불)",재난재해,2,2012-04
2018,637,,"서울특별시 서대문구 북아현동 1-1803, 금화터널 시설녹지내 (산불)",재난재해,2,2012-04
2018,638,,"서울특별시 서대문구 연희로 248, 구청사",다목적,32,2015-01
2019,0,,서울특별시 서대문구 창천동 57-18(창천문화공원),생활방범,6,2009-03
2019,1,,서울특별시 서대문구 홍은1동 11-23(홍박공원),생활방범,8,2009-03
2019,2,,서울특별시 서대문구 홍은2동 405-3(홍남어린이공원),생활방범,5,2009-03
2019,3,,서울특별시 서대문구 홍은2동 421-1(백련어린이공원),생활방범,4,2009-03
2019,4,,서울특별시 서대문구 남가좌2동 326-8(연남어린이공원),생활방범,6,2009-03
2019,5,,서울특별시 서대문구 홍제3동 454-2(홍제근린공원),생활방범,8,2009-08
2019,6,,서울특별시 서대문구 홍은2동 408-4(홍연어린이공원),생활방범,4,2009-12
2019,7,,"서울특별시 서대문구 연희동 산 118(궁동근린공원, 실내체육관)",생활방범,4,2010-02
2019,8,,서울특별시 서대문구 북아현동 210-24(명수어린이공원),생활방범,9,2010-06
2019,9,,서울특별시 서대문구 연희동 73-8(대궐재어린이공원),생활방범,6,2010-06
2019,10,,서울특별시 서대문구 연희동 519-7(연서어린이공원),생활방범,9,2010-06
2019,11,,서울특별시 서대문구 연희동 산 1 (안산도시자연공원),생활방범,6,2010-06
2019,12,,서울특별시 서대문구 홍제3동 287-121(불천어린이공원),생활방범,6,2010-06
2019,13,,서울특별시 서대문구 남가좌2동 376-4(가좌어린이공원),생활방범,8,2010-06
2019,14,,서울특별시 서대문구 북가좌2동 318-1(신가어린이공원),생활방범,6,2010-06
2019,15,,서울특별시 서대문구 연희동 산 118(궁동근린공원. 화장실),생활방범,4,2010-11
2019,16,,서울특별시 서대문구 연희동 산 (안산문화쉼터 방문자센터),생활방범,4,2011-06
2019,17,,서울특별시 서대문구 연희동 산 (안산문화쉼터 벚꽃마당),생활방범,3,2011-06
2019,18,,서울특별시 서대문구 연희동 산 (안산문화쉼터 숲속쉼터),생활방범,3,2011-06
2019,19,,서울특별시 서대문구 백련근린공원(화장실),생활방범,4,2012-01
2019,20,,서울특별시 서대문구 백련근린공원(논골마당),생활방범,4,2012-01
2019,21,,서울특별시 서대문구 백련근린공원(저류지),생활방범,3,2012-01
2019,22,,서울특별시 서대문구 창천근린공원(돌계단),생활방범,4,2012-07
2019,23,,서울특별시 서대문구 창천근린공원(정상),생활방범,4,2012-07
2019,24,,서울특별시 서대문구 안산도시공원(구의회방향),생활방범,3,2012-07
2019,25,,서울특별시 서대문구 안산도시공원(아파트방향),생활방범,3,2012-07
2019,26,,서울특별시 서대문구 안산도시공원(신일교회방향),생활방범,3,2012-07
2019,27,,서울특별시 서대문구 호박골공원(아파트입구),생활방범,3,2012-07
2019,28,,서울특별시 서대문구 호박골공원(배드민턴장),생활방범,3,2012-07
2019,29,,"서울특별시 서대문구 호박골공원(축구장,회전형)",생활방범,1,2012-07
2019,30,,"서울특별시 서대문구 호박골공원(놀이시설,회전형)",생활방범,1,2012-07
2019,31,,서울특별시 서대문구 호박골공원(관리사무소),생활방범,2,2012-07
2019,32,,서울특별시 서대문구 호박골공원(주택입구),생활방범,3,2012-07
2019,33,,서울특별시 서대문구 배롱나무쉼터,생활방범,2,2012-07
2019,34,,서울특별시 서대문구 안산자락길(화장실),생활방범,3,2013-10
2019,35,,서울특별시 서대문구 안산자락길(북카페),생활방범,2,2013-10
2019,36,,서울특별시 서대문구 고은산공원(계단입구),생활방범,2,2013-10
2019,37,,"서울특별시 서대문구 고은산공원(놀이시설, 배드민턴)",생활방범,3,2013-10
2019,38,,서울특별시 서대문구 호박골공원(놀이시설 입구),생활방범,3,2013-10
2019,39,,서울특별시 서대문구 은가어린이공원(정자),생활방범,2,2013-10
2019,40,,서울특별시 서대문구 은가어린이공원(입구),생활방범,2,2013-10
2019,41,,서울특별시 서대문구 모랫재공원,생활방범,2,2013-10
2019,42,,서울특별시 서대문구 궁말어린이공원(놀이시설),생활방범,2,2013-10
2019,43,,서울특별시 서대문구 궁말어린이공원(입구),생활방범,2,2013-10
2019,44,,서울특별시 서대문구 거꾸로어린이공원,생활방범,2,2013-10
2019,45,,서울특별시 서대문구 백련근린공원 자연체험장 (입구),생활방범,1,2013-12
2019,46,,서울특별시 서대문구 백련근린공원 자연체험장 (체육시설),생활방범,1,2013-12
2019,47,,서울특별시 서대문구 백련근린공원 자연체험장 (갈림길),생활방범,1,2013-12
2019,48,,서울특별시 서대문구 백련근린공원 자연체험장 (육각정),생활방범,1,2013-12
2019,49,,서울특별시 서대문구 백련근린공원 자연체험장 (원두막),생활방범,1,2013-12
2019,50,,서울특별시 서대문구 나비울어린이공원(기부채납),생활방범,4,2014-01
2019,51,,서울특별시 서대문구 봉원소공원,생활방범,3,2014-07
2019,52,,서울특별시 서대문구 복주우물공원,생활방범,2,2014-07
2019,53,,"서울특별시 서대문구 중앙근린공원(정자4,도서관1,화장실2,공터)",생활방범,8,2012-11
2019,54,,서울특별시 서대문구 중앙근린공원 (가재울4구역),생활방범,9,2016-09
2019,55,,서울특별시 서대문구 안산도시자연공원(화장실 앞),생활방범,2,2014-11
2019,56,,서울특별시 서대문구 안산자락길(숲속무대 화장실 앞),생활방범,3,2014-11
2019,57,,서울특별시 서대문구 궁동근린공원 (어린이놀이터),생활방범,1,2014-11
2019,58,,서울특별시 서대문구 궁동근린공원 (어린이놀이터),생활방범,4,2015-04
2019,59,,서울특별시 서대문구 북한산도시자연공원(홍은동 8-637일대),생활방범,2,2014-11
2019,60,,서울특별시 서대문구 인왕산도시자연공원 (개미마을 어린이놀이터),생활방범,3,2015-04
2019,61,,서울특별시 서대문구 인왕산도시자연공원 (쌈지마당 어린이놀이터),생활방범,4,2015-04
2019,62,,서울특별시 서대문구 창천골목공원,생활방범,1,2015-11
2019,63,,서울특별시 서대문구 창천골목공원,생활방범,2,2015-11
2019,64,,서울특별시 서대문구 연희어린이공원,생활방범,1,2015-11
2019,65,,서울특별시 서대문구 홍연마을마당,생활방범,1,2015-11
2019,66,,서울특별시 서대문구 동구물어린이공원,생활방범,1,2015-11
2019,67,,서울특별시 서대문구 중앙소공원,생활방범,2,2015-11
2019,68,,서울특별시 서대문구 인왕소공원,생활방범,1,2015-11
2019,69,,서울특별시 서대문구 가재울어린이공원,생활방범,1,2015-11
2019,70,,서울특별시 서대문구 무궁화소공원,생활방범,2,2016-07
2019,71,,서울특별시 서대문구 가재어린이공원,생활방범,13,2016-09
2019,72,,서울특별시 서대문구 한울소공원,생활방범,4,2016-09
2019,73,,서울특별시 서대문구 모래내어린이공원,생활방범,8,2016-09
2019,74,,서울특별시 서대문구 복주산근린공원,생활방범,9,2016-10
2019,75,,서울특별시 서대문구 복주산근린공원,생활방범,7,2018-02
2019,76,,서울특별시 서대문구 북아현연결녹지공원,생활방범,2,2016-10
2019,77,,서울특별시 서대문구 궁뜰어린이공원,생활방범,2,2016-12
2019,78,,서울특별시 서대문구 상암곡어린이공원,생활방범,1,2016-12
2019,79,,서울특별시 서대문구 고은산전망대,생활방범,3,2016-12
2019,80,,서울특별시 서대문구 문화촌어린이공원,생활방범,2,2016-12
2019,81,,서울특별시 서대문구 홍은동어린이공원,생활방범,2,2016-12
2019,82,,서울특별시 서대문구 백련근린공원 어린이놀이터,생활방범,2,2016-12
2019,83,,서울특별시 서대문구 무궁화동산 화장실,생활방범,3,2016-12
2019,84,,서울특별시 서대문구 북가좌정원지구 어린이공원,생활방범,3,2016-12
2019,85,,서울특별시 서대문구 보은소공원,생활방범,2,2016-12
2019,86,,서울특별시 서대문구 한성어린이공원,생활방범,11,2017-03
2019,87,,서울특별시 서대문구 너른바위 어린이공원,생활방범,11,2017-03
2019,88,,서울특별시 서대문구 북성어린이공원,생활방범,9,2017-03
2019,89,,서울특별시 서대문구 동그라미쉼터,생활방범,6,2017-03
2019,90,,서울특별시 서대문구 너나들이쉼터,생활방범,7,2017-03
2019,91,,서울특별시 서대문구 북아현1-3 공공공지,생활방범,2,2017-03
2019,92,,서울특별시 서대문구 아현역 소공원,생활방범,3,2017-03
2019,93,,서울특별시 서대문구 다람쥐어린이공원,생활방범,2,2017-12
2019,94,,서울특별시 서대문구 둥글레소공원,생활방범,4,2017-12
2019,95,,서울특별시 서대문구 문화공원,생활방범,4,2017-12
2019,96,,서울특별시 서대문구 홍은한마당 화장실,생활방범,2,2017-12
2019,97,,서울특별시 서대문구 홍은12구역 소공원,생활방범,4,2017-12
2019,98,,서울특별시 서대문구 현저동 무악재고개(하늘다리),생활방범,4,2017-12
2019,99,,서울특별시 서대문구 북한산자락길 화장실 앞,생활방범,4,2018-03
2019,100,,서울특별시 서대문구 안산 밤고개놀이터,생활방범,6,2018-10
2019,101,,서울특별시 서대문구 까치소공원,생활방범,3,2018-10
2019,102,,서울특별시 서대문구 바람산어린이공원,생활방범,3,2018-10
2019,103,,서울특별시 서대문구 충정로3가 120-2,생활방범,1,2006-04
2019,104,,서울특별시 서대문구 영천동 69-54,생활방범,1,2006-04
2019,105,,서울특별시 서대문구 북아현동 1-696,생활방범,1,2006-04
2019,106,,서울특별시 서대문구 북아현동 3-392,생활방범,1,2006-04
2019,107,,서울특별시 서대문구 북아현동 187-1,생활방범,1,2006-04
2019,108,,서울특별시 서대문구 북아현동 117-29,생활방범,1,2006-04
2019,109,,서울특별시 서대문구 북가좌2동 75-155,생활방범,1,2006-04
2019,110,,서울특별시 서대문구 북아현동 906-1,생활방범,1,2006-04
2019,111,,서울특별시 서대문구 대신동 141-1,생활방범,1,2006-04
2019,112,,서울특별시 서대문구 창천동 90-46,생활방범,1,2006-04
2019,113,,서울특별시 서대문구 창천동 465,생활방범,1,2006-04
2019,114,,서울특별시 서대문구 창천동 511-5,생활방범,1,2006-04
2019,115,,서울특별시 서대문구 연희동 151-84,생활방범,1,2006-04
2019,116,,서울특별시 서대문구 연희동 194-34,생활방범,1,2006-04
2019,117,,서울특별시 서대문구 연희동 344-140,생활방범,1,2006-04
2019,118,,서울특별시 서대문구 연희동 446-196,생활방범,1,2006-04
2019,119,,서울특별시 서대문구 연희동 446-140,생활방범,1,2006-04
2019,120,,서울특별시 서대문구 홍제1동 156-359,생활방범,1,2006-04
2019,121,,서울특별시 서대문구 홍제1동 330-113,생활방범,1,2006-04
2019,122,,서울특별시 서대문구 홍제1동 361-5,생활방범,1,2006-04
2019,123,,서울특별시 서대문구 홍제2동 177-2,생활방범,1,2006-04
2019,124,,서울특별시 서대문구 남가좌동 289-54,생활방범,1,2006-04
2019,125,,서울특별시 서대문구 홍제3동 268-15,생활방범,1,2006-04
2019,126,,서울특별시 서대문구 홍은1동 9-65,생활방범,1,2006-04
2019,127,,서울특별시 서대문구 홍은1동 9-152,생활방범,1,2006-04
2019,128,,서울특별시 서대문구 홍은1동 11-413,생활방범,1,2006-04
2019,129,,서울특별시 서대문구 홍은1동 19-13,생활방범,4,2006-04
2019,130,,서울특별시 서대문구 남가좌2동 342-27,생활방범,1,2006-04
2019,131,,서울특별시 서대문구 남가좌2동 5-42,생활방범,1,2006-04
2019,132,,서울특별시 서대문구 북가좌2동 5-15,생활방범,1,2006-04
2019,133,,서울특별시 서대문구 북가좌2동 75-126,생활방범,1,2006-04
2019,134,,서울특별시 서대문구 북가좌2동 318-1,생활방범,1,2006-04
2019,135,,서울특별시 서대문구 북아현동 135-4,생활방범,5,2008-02
2019,136,,서울특별시 서대문구 북아현동 산1-445,생활방범,5,2008-02
2019,137,,서울특별시 서대문구 대현동 37-2,생활방범,5,2008-02
2019,138,,서울특별시 서대문구 창천동 470,생활방범,4,2008-02
2019,139,,서울특별시 서대문구 연희동 124-44,생활방범,5,2008-02
2019,140,,서울특별시 서대문구 홍은2동 265-340,생활방범,3,2008-02
2019,141,,서울특별시 서대문구 북가좌1동 372-19,생활방범,3,2008-02
2019,142,,서울특별시 서대문구 북가좌2동 3-107,생활방범,1,2008-02
2019,143,,서울특별시 서대문구 북가좌2동 337-37,생활방범,1,2008-02
2019,144,,서울특별시 서대문구 북가좌2동 295-24,생활방범,1,2008-02
2019,145,,서울특별시 서대문구 북아현동 1-93,생활방범,5,2009-05
2019,146,,서울특별시 서대문구 북아현동 113-22,생활방범,4,2009-05
2019,147,,서울특별시 서대문구 창천동 4-62,생활방범,4,2009-05
2019,148,,서울특별시 서대문구 창천동 13-55,생활방범,5,2009-05
2019,149,,서울특별시 서대문구 창천동 113-10,생활방범,5,2009-05
2019,150,,서울특별시 서대문구 연희동 109-1,생활방범,5,2009-05
2019,151,,서울특별시 서대문구 연희동 137-6,생활방범,5,2009-05
2019,152,,서울특별시 서대문구 연희동 142-18,생활방범,5,2009-05
2019,153,,서울특별시 서대문구 홍제1동 313-8,생활방범,5,2009-05
2019,154,,서울특별시 서대문구 홍제3동 6-67,생활방범,5,2009-05
2019,155,,서울특별시 서대문구 홍은2동 188-29,생활방범,5,2009-05
2019,156,,서울특별시 서대문구 창천동 5-6,생활방범,1,2009-11
2019,157,,서울특별시 서대문구 연희동 1-11,생활방범,1,2009-11
2019,158,,서울특별시 서대문구 연희동 113-2,생활방범,1,2009-11
2019,159,,서울특별시 서대문구 홍제1동 341-18,생활방범,1,2009-11
2019,160,,서울특별시 서대문구 홍제2동 136-14,생활방범,1,2009-11
2019,161,,서울특별시 서대문구 충정로3가 3-52,생활방범,1,2009-11
2019,162,,서울특별시 서대문구 충정로3가 477,생활방범,3,2009-11
2019,163,,서울특별시 서대문구 천연동 120-90,생활방범,1,2010-04
2019,164,,서울특별시 서대문구 북아현동 1-362,생활방범,1,2010-04
2019,165,,서울특별시 서대문구 북아현동 3-68,생활방범,1,2009-11
2019,166,,서울특별시 서대문구 북아현동 695,생활방범,1,2009-11
2019,167,,서울특별시 서대문구 북아현동 82,생활방범,1,2009-11
2019,168,,서울특별시 서대문구 북가좌2동 347-40,생활방범,1,2010-04
2019,169,,서울특별시 서대문구 대신동 125-26,생활방범,1,2010-04
2019,170,,서울특별시 서대문구 창천동 62-22,생활방범,1,2010-04
2019,171,,서울특별시 서대문구 창천동 97-114,생활방범,1,2010-04
2019,172,,서울특별시 서대문구 창천동 100-133,생활방범,1,2009-11
2019,173,,서울특별시 서대문구 창천동 386,생활방범,1,2009-11
2019,174,,서울특별시 서대문구 연희동 42-31,생활방범,1,2009-11
2019,175,,서울특별시 서대문구 연희동 96-12,생활방범,1,2009-11
2019,176,,서울특별시 서대문구 연희동 200,생활방범,1,2009-11
2019,177,,서울특별시 서대문구 연희동 351-25,생활방범,1,2009-11
2019,178,,서울특별시 서대문구 연희동 413-60,생활방범,1,2010-04
2019,179,,서울특별시 서대문구 연희동 523-24,생활방범,1,2009-11
2019,180,,서울특별시 서대문구 연희동 529-20,생활방범,1,2009-11
2019,181,,서울특별시 서대문구 연희동 542-44,생활방범,1,2009-11
2019,182,,서울특별시 서대문구 홍제동 360-10,생활방범,1,2010-04
2019,183,,서울특별시 서대문구 홍제동 313-20,생활방범,4,2010-04
2019,184,,서울특별시 서대문구 홍제1동 364-1,생활방범,4,2010-04
2019,185,,서울특별시 서대문구 북가좌동 306-17 맞은편,생활방범,4,2010-04
2019,186,,서울특별시 서대문구 홍제3동 266-215,생활방범,3,2010-04
2019,187,,서울특별시 서대문구 홍제3동 304-102,생활방범,1,2010-04
2019,188,,서울특별시 서대문구 홍제1동 308-102,생활방범,1,2010-04
2019,189,,서울특별시 서대문구 홍은1동 8-368,생활방범,5,2010-04
2019,190,,서울특별시 서대문구 홍은1동 8-476,생활방범,4,2010-04
2019,191,,서울특별시 서대문구 홍은1동 8-505,생활방범,4,2010-04
2019,192,,서울특별시 서대문구 홍은1동 11-82,생활방범,1,2010-04
2019,193,,서울특별시 서대문구 홍은1동 11-124,생활방범,5,2010-04
2019,194,,서울특별시 서대문구 홍은1동 11-318,생활방범,4,2010-04
2019,195,,서울특별시 서대문구 홍은1동 440-5,생활방범,4,2010-04
2019,196,,서울특별시 서대문구 홍은2동 191-95,생활방범,1,2010-04
2019,197,,서울특별시 서대문구 홍은2동 204-4,생활방범,1,2010-04
2019,198,,서울특별시 서대문구 남가좌2동 339-9,생활방범,1,2010-04
2019,199,,서울특별시 서대문구 홍은2동 338-129,생활방범,6,2011-02
2019,200,,서울특별시 서대문구 홍은2동 399-2,생활방범,5,2011-02
2019,201,,서울특별시 서대문구 남가좌동 5-276,생활방범,5,2011-02
2019,202,,서울특별시 서대문구 남가좌동 326-21,생활방범,5,2011-02
2019,203,,서울특별시 서대문구 남가좌동 364-4,생활방범,4,2011-02
2019,204,,서울특별시 서대문구 남가좌동 369-23,생활방범,4,2011-02
2019,205,,서울특별시 서대문구 남가좌동 5-241,생활방범,5,2011-02
2019,206,,서울특별시 서대문구 남가좌동 73-191,생활방범,5,2011-02
2019,207,,서울특별시 서대문구 북가좌동 341-24,생활방범,5,2011-02
2019,208,,서울특별시 서대문구 북가좌동 75-35,생활방범,5,2011-02
2019,209,,서울특별시 서대문구 북가좌동 282-39,생활방범,4,2011-02
2019,210,,서울특별시 서대문구 북가좌동 288-9,생활방범,4,2011-02
2019,211,,서울특별시 서대문구 북가좌동 277-1,생활방범,4,2011-02
2019,212,,서울특별시 서대문구 북가좌동 74-110,생활방범,5,2011-02
2019,213,,서울특별시 서대문구 연희동 88-26,생활방범,4,2011-02
2019,214,,서울특별시 서대문구 천연동 112,생활방범,5,2011-02
2019,215,,서울특별시 서대문구 연희3동 48-34,생활방범,5,2011-02
2019,216,,서울특별시 서대문구 홍은2동 164,생활방범,4,2011-02
2019,217,,서울특별시 서대문구 홍은2동 277-94,생활방범,5,2011-02
2019,218,,서울특별시 서대문구 연희동 444-44,생활방범,4,2011-02
2019,219,,서울특별시 서대문구 북가좌1동 186-115,생활방범,4,2011-02
2019,220,,서울특별시 서대문구 북가좌2동 3-82,생활방범,5,2011-02
2019,221,,서울특별시 서대문구 홍제3동 280-9,생활방범,5,2011-02
2019,222,,서울특별시 서대문구 홍제1동 334-53,생활방범,4,2011-02
2019,223,,서울특별시 서대문구 남가좌동 346-4,생활방범,3,2012-06
2019,224,,서울특별시 서대문구 남가좌2동 7-4,생활방범,5,2012-06
2019,225,,서울특별시 서대문구 대현동 90-54,생활방범,4,2012-06
2019,226,,서울특별시 서대문구 북가좌1동 370-1,생활방범,5,2012-06
2019,227,,서울특별시 서대문구 북가좌2동 342-14,생활방범,5,2012-06
2019,228,,서울특별시 서대문구 북가좌2동 344-31,생활방범,5,2012-06
2019,229,,서울특별시 서대문구 북가좌2동 5-128,생활방범,5,2012-06
2019,230,,서울특별시 서대문구 연희동 126-1,생활방범,4,2012-06
2019,231,,서울특별시 서대문구 홍은2동 265-385,생활방범,5,2012-06
2019,232,,서울특별시 서대문구 홍은2동 392-13,생활방범,5,2012-06
2019,233,,서울특별시 서대문구 대현동 110-45 (창천동4-17),생활방범,4,2012-06
2019,234,,서울특별시 서대문구 홍제1동 356-13,생활방범,5,2012-06
2019,235,,서울특별시 서대문구 홍제2동 114-1,생활방범,6,2012-06
2019,236,,서울특별시 서대문구 홍제3동 260-11,생활방범,5,2012-06
2019,237,,서울특별시 서대문구 홍제1동 158-12,생활방범,4,2012-12
2019,238,,서울특별시 서대문구 북아현동 215 (북성초교),생활방범,4,2012-12
2019,239,,서울특별시 서대문구 남가좌1동 102-36,생활방범,4,2012-12
2019,240,,서울특별시 서대문구 남가좌1동 289-43,생활방범,5,2012-12
2019,241,,서울특별시 서대문구 남가좌1동 150-74,생활방범,4,2012-12
2019,242,,서울특별시 서대문구 북아현동 593,생활방범,5,2012-12
2019,243,,서울특별시 서대문구 대현동 45-38,생활방범,4,2012-12
2019,244,,서울특별시 서대문구 연희동 170-121,생활방범,4,2012-12
2019,245,,서울특별시 서대문구 홍은2동 338-31,생활방범,5,2012-12
2019,246,,서울특별시 서대문구 홍은2동 377-3,생활방범,5,2012-12
2019,247,,서울특별시 서대문구 홍은2동 265-337,생활방범,3,2012-12
2019,248,,서울특별시 서대문구 북가좌1동 380-1,생활방범,4,2012-12
2019,249,,서울특별시 서대문구 북가좌2동 5-25,생활방범,5,2012-12
2019,250,,서울특별시 서대문구 홍제3동 305-4,생활방범,4,2012-12
2019,251,,서울특별시 서대문구 북가좌2동 330-19 (란헤어샵),생활방범,4,2013-02
2019,252,,서울특별시 서대문구 북가좌2동 330-7 (센텀시티),생활방범,4,2013-02
2019,253,,서울특별시 서대문구 북가좌2동 342-5,생활방범,4,2013-02
2019,254,,서울특별시 서대문구 북가좌2동 338-21 (거꾸로어린이공원),생활방범,4,2013-02
2019,255,,서울특별시 서대문구 북가좌2동 337-6 (기룡하이츠),생활방범,4,2013-02
2019,256,,서울특별시 서대문구 북가좌2동 332-11 (해물탕아구찜),생활방범,4,2013-02
2019,257,,서울특별시 서대문구 충정로3가 284,생활방범,4,2013-12
2019,258,,서울특별시 서대문구 천연동 120-2,생활방범,4,2013-12
2019,259,,서울특별시 서대문구 창천동 13-57,생활방범,3,2013-12
2019,260,,서울특별시 서대문구 창천동 2-46,생활방범,4,2013-12
2019,261,,서울특별시 서대문구 창천동 91-7,생활방범,3,2013-12
2019,262,,서울특별시 서대문구 연희동 1-78,생활방범,3,2013-12
2019,263,,서울특별시 서대문구 연희동 721-1,생활방범,5,2013-12
2019,264,,서울특별시 서대문구 홍제1동 312-243 (새마을회관 앞),생활방범,5,2013-12
2019,265,,서울특별시 서대문구 홍제1동 167-30,생활방범,4,2013-12
2019,266,,서울특별시 서대문구 홍제3동 287-22,생활방범,4,2013-12
2019,267,,서울특별시 서대문구 홍은1동 11-756,생활방범,4,2013-12
2019,268,,서울특별시 서대문구 홍은2동 396-22,생활방범,4,2013-12
2019,269,,서울특별시 서대문구 남가좌2동 190-1 (삼각소공원 앞),생활방범,5,2013-12
2019,270,,서울특별시 서대문구 북가좌1동 368-19 (문화빌라 앞 삼거리),생활방범,4,2013-12
2019,271,,서울특별시 서대문구 연희동 334-81,생활방범,1,2013-12
2019,272,,"서울특별시 서대문구 북아현동 118-99 (팔각정, 체육시설)",생활방범,5,2014-01
2019,273,,서울특별시 서대문구 충정로2가 65-33,생활방범,3,2014-11
2019,274,,서울특별시 서대문구 충정로2가 61,생활방범,3,2014-11
2019,275,,서울특별시 서대문구 충정로3가 3-324 맞은편 (금화시민아파트),생활방범,3,2014-11
2019,276,,서울특별시 서대문구 창천동 50-3,생활방범,4,2014-11
2019,277,,서울특별시 서대문구 연희동 309-1,생활방범,4,2014-11
2019,278,,서울특별시 서대문구 연희동 537-30,생활방범,4,2014-11
2019,279,,서울특별시 서대문구 홍제동 312-79,생활방범,5,2014-11
2019,280,,서울특별시 서대문구 홍제동 274-7 맞은편,생활방범,4,2014-11
2019,281,,서울특별시 서대문구 북가좌동 5-151,생활방범,4,2014-11
2019,282,,서울특별시 서대문구 북가좌동 73-15 맞은편,생활방범,3,2014-11
2019,283,,서울특별시 서대문구 대현동 34-48 맞은편,생활방범,3,2015-12
2019,284,,서울특별시 서대문구 창천동 29-16,생활방범,4,2015-12
2019,285,,서울특별시 서대문구 연희동 187-3,생활방범,4,2015-12
2019,286,,서울특별시 서대문구 홍제동 192-42 맞은편,생활방범,4,2015-12
2019,287,,서울특별시 서대문구 홍제동 5-78,생활방범,4,2015-12
2019,288,,서울특별시 서대문구 홍은동 191-149 맞은편,생활방범,3,2015-12
2019,289,,서울특별시 서대문구 홍은동 265-148 (홍은2동 제2공영주차장),생활방범,4,2015-12
2019,290,,서울특별시 서대문구 남가좌동 338-33,생활방범,5,2015-12
2019,291,,서울특별시 서대문구 남가좌동 331-8,생활방범,5,2015-12
2019,292,,서울특별시 서대문구 북가좌동 302-31,생활방범,5,2015-12
2019,293,,서울특별시 서대문구 북가좌동 385-1,생활방범,5,2015-12
2019,294,,서울특별시 서대문구 대현동 34-19,생활방범,3,2016-07
2019,295,,서울특별시 서대문구 홍제동 308-86,생활방범,4,2016-08
2019,296,,서울특별시 서대문구 충정로3가 8-5,생활방범,4,2016-12
2019,297,,서울특별시 서대문구 옥천동 126-130,생활방범,5,2016-12
2019,298,,서울특별시 서대문구 창천동 222,생활방범,4,2016-12
2019,299,,서울특별시 서대문구 신촌동 2-156,생활방범,4,2016-12
2019,300,,서울특별시 서대문구 연희동 79-3,생활방범,4,2016-12
2019,301,,서울특별시 서대문구 연희동 340-8,생활방범,4,2016-12
2019,302,,서울특별시 서대문구 연희동 30,생활방범,4,2016-12
2019,303,,서울특별시 서대문구 연희동 119-7,생활방범,4,2016-12
2019,304,,서울특별시 서대문구 연희동 721,생활방범,4,2016-12
2019,305,,서울특별시 서대문구 연희동 723-10,생활방범,4,2016-12
2019,306,,서울특별시 서대문구 연희동 711-37,생활방범,4,2016-12
2019,307,,서울특별시 서대문구 연희동 162-15,생활방범,4,2016-12
2019,308,,서울특별시 서대문구 연희동 537-48,생활방범,4,2016-12
2019,309,,서울특별시 서대문구 연희동 104-3,생활방범,4,2016-12
2019,310,,서울특별시 서대문구 연희동 340-40,생활방범,2,2016-12
2019,311,,서울특별시 서대문구 홍제동 334-107,생활방범,4,2016-12
2019,312,,서울특별시 서대문구 홍제동 24-16,생활방범,6,2016-12
2019,313,,서울특별시 서대문구 충정로3가 7-68,생활방범,5,2016-12
2019,314,,서울특별시 서대문구 홍제동 337-1,생활방범,3,2016-12
2019,315,,서울특별시 서대문구 홍은동 8-620,생활방범,5,2016-12
2019,316,,서울특별시 서대문구 홍은동 14-7,생활방범,4,2016-12
2019,317,,서울특별시 서대문구 홍은동 206-18,생활방범,4,2016-12
2019,318,,서울특별시 서대문구 홍은동 265-181,생활방범,5,2016-12
2019,319,,서울특별시 서대문구 북가좌동 383-7,생활방범,4,2016-12
2019,320,,서울특별시 서대문구 북가좌동 302-26,생활방범,5,2016-12
2019,321,,서울특별시 서대문구 남가좌동 343-28,생활방범,5,2016-12
2019,322,,서울특별시 서대문구 현저동 1019,생활방범,4,2017-03
2019,323,,서울특별시 서대문구 북가좌동 75-128,생활방범,2,2017-03
2019,324,,서울특별시 서대문구 홍제동 466,생활방범,4,2017-03
2019,325,,서울특별시 서대문구 홍제동 312-178,생활방범,3,2017-03
2019,326,,서울특별시 서대문구 홍제동 278-50,생활방범,3,2017-03
2019,327,,서울특별시 서대문구 홍은동 22,생활방범,4,2017-03
2019,328,,서울특별시 서대문구 홍은동 9-477,생활방범,3,2017-03
2019,329,,서울특별시 서대문구 홍은동 10-24,생활방범,5,2017-03
2019,330,,서울특별시 서대문구 홍은동 304-1,생활방범,4,2017-03
2019,331,,서울특별시 서대문구 홍은동 275-27,생활방범,4,2017-03
2019,332,,서울특별시 서대문구 충정로3가 3-63,생활방범,4,2017-12
2019,333,,서울특별시 서대문구 충정로3가 32-35 맞은편,생활방범,3,2017-12
2019,334,,서울특별시 서대문구 충정로3가 189-4 맞은편,생활방범,4,2017-12
2019,335,,서울특별시 서대문구 북아현동 117-8,생활방범,5,2017-12
2019,336,,서울특별시 서대문구 창천동 4-22,생활방범,5,2017-12
2019,337,,서울특별시 서대문구 대현동 37-18,생활방범,4,2017-12
2019,338,,서울특별시 서대문구 창천동 80-16,생활방범,1,2017-12
2019,339,,서울특별시 서대문구 창천동 9-20,생활방범,1,2017-12
2019,340,,서울특별시 서대문구 창천동 18-49,생활방범,1,2017-12
2019,341,,서울특별시 서대문구 연희동 421-16 맞은편,생활방범,4,2017-12
2019,342,,서울특별시 서대문구 연희동 151-55 맞은편,생활방범,5,2017-12
2019,343,,서울특별시 서대문구 연희동 3-10 맞은편,생활방범,5,2017-12
2019,344,,서울특별시 서대문구 연희동 117-5,생활방범,5,2017-12
2019,345,,서울특별시 서대문구 연희동 51-74,생활방범,4,2017-12
2019,346,,서울특별시 서대문구 연희동 110-9,생활방범,4,2017-12
2019,347,,서울특별시 서대문구 연희동 436-5,생활방범,5,2017-12
2019,348,,서울특별시 서대문구 홍제동 156-375,생활방범,4,2017-12
2019,349,,서울특별시 서대문구 홍제동 156-365,생활방범,4,2017-12
2019,350,,서울특별시 서대문구 홍제동 360-62,생활방범,4,2017-12
2019,351,,서울특별시 서대문구 홍제동 330-247,생활방범,7,2017-12
2019,352,,서울특별시 서대문구 홍제동 156-367,생활방범,4,2017-12
2019,353,,서울특별시 서대문구 홍제동 137-6,생활방범,7,2017-12
2019,354,,서울특별시 서대문구 홍제동 19-9,생활방범,4,2017-12
2019,355,,서울특별시 서대문구 홍제동 104-32,생활방범,4,2017-12
2019,356,,서울특별시 서대문구 홍제동 256-2,생활방범,2,2017-12
2019,357,,서울특별시 서대문구 홍제동 6-23,생활방범,5,2017-12
2019,358,,서울특별시 서대문구 홍제동 8-77,생활방범,4,2017-12
2019,359,,서울특별시 서대문구 포방교,생활방범,6,2017-12
2019,360,,서울특별시 서대문구 홍제동 8-12,생활방범,4,2017-12
2019,361,,서울특별시 서대문구 홍은동 452-3,생활방범,5,2017-12
2019,362,,서울특별시 서대문구 홍은동 435-10,생활방범,4,2017-12
2019,363,,서울특별시 서대문구 홍은동 8-149,생활방범,4,2017-12
2019,364,,서울특별시 서대문구 홍은동 11-368,생활방범,4,2017-12
2019,365,,서울특별시 서대문구 홍은동 11-386,생활방범,3,2017-12
2019,366,,서울특별시 서대문구 홍은동 11-351,생활방범,4,2017-12
2019,367,,서울특별시 서대문구 홍은동 11-366,생활방범,4,2017-12
2019,368,,서울특별시 서대문구 홍은동 277-101,생활방범,5,2017-12
2019,369,,서울특별시 서대문구 홍은동 324-3,생활방범,4,2017-12
2019,370,,서울특별시 서대문구 홍은동 335-60,생활방범,4,2017-12
2019,371,,서울특별시 서대문구 홍은동 209-4 맞은편,생활방범,4,2017-12
2019,372,,서울특별시 서대문구 홍은동 191-52 맞은편,생활방범,3,2017-12
2019,373,,서울특별시 서대문구 홍은동 190-42 맞은편,생활방범,4,2017-12
2019,374,,서울특별시 서대문구 홍은동 265-333 맞은편,생활방범,4,2017-12
2019,375,,서울특별시 서대문구 홍은동 265-342 맞은편,생활방범,3,2017-12
2019,376,,서울특별시 서대문구 홍은동 325-33 맞은편,생활방범,3,2017-12
2019,377,,서울특별시 서대문구 홍은동 354-8,생활방범,4,2017-12
2019,378,,서울특별시 서대문구 남가좌동 73-346,생활방범,5,2017-12
2019,379,,서울특별시 서대문구 남가좌동 9-32,생활방범,3,2017-12
2019,380,,서울특별시 서대문구 남가좌동 64-8,생활방범,5,2017-12
2019,381,,서울특별시 서대문구 북가좌동 371-1,생활방범,4,2017-12
2019,382,,서울특별시 서대문구 북가좌동 73-10,생활방범,5,2017-12
2019,383,,서울특별시 서대문구 북가좌동 74-214,생활방범,4,2017-12
2019,384,,서울특별시 서대문구 북가좌동 3-204,생활방범,5,2017-12
2019,385,,서울특별시 서대문구 북가좌동 297-2,생활방범,4,2017-12
2019,386,,서울특별시 서대문구 북가좌동 336-33,생활방범,4,2017-12
2019,387,,서울특별시 서대문구 북가좌동 3-110,생활방범,4,2017-12
2019,388,,서울특별시 서대문구 창천동 20-20,생활방범,2,2018-01
2019,389,,서울특별시 서대문구 북아현동 154-26 맞은편,생활방범,4,2018-03
2019,390,,서울특별시 서대문구 대현동 110-20,생활방범,4,2018-03
2019,391,,서울특별시 서대문구 대현동 34-38 맞은편,생활방범,3,2018-03
2019,392,,서울특별시 서대문구 연희동 69-1,생활방범,4,2018-03
2019,393,,서울특별시 서대문구 홍제동 286-10,생활방범,3,2018-03
2019,394,,서울특별시 서대문구 남가좌동 385 (모래내시장 맞은편),생활방범,4,2018-03
2019,395,,서울특별시 서대문구 북가좌동 339-29,생활방범,5,2018-03
2019,396,,서울특별시 서대문구 천연동 120-20,생활방범,1,2018-10
2019,397,,서울특별시 서대문구 북아현동 180-22,생활방범,4,2018-10
2019,398,,서울특별시 서대문구 북아현동 1-45,생활방범,5,2018-10
2019,399,,서울특별시 서대문구 북아현동 113-54,생활방범,4,2018-10
2019,400,,서울특별시 서대문구 대신동 143-9,생활방범,5,2018-10
2019,401,,서울특별시 서대문구 창천동 511-6,생활방범,5,2018-10
2019,402,,서울특별시 서대문구 창천동 100-23,생활방범,4,2018-10
2019,403,,서울특별시 서대문구 창천동 4-110,생활방범,5,2018-10
2019,404,,서울특별시 서대문구 연희동 339-6,생활방범,3,2018-10
2019,405,,서울특별시 서대문구 연희동 344-24 맞은편,생활방범,4,2018-10
2019,406,,서울특별시 서대문구 연희동 138-21 맞은편,생활방범,6,2018-10
2019,407,,서울특별시 서대문구 연희동 1-64 맞은편,생활방범,4,2018-10
2019,408,,서울특별시 서대문구 연희동 345-36 맞은편,생활방범,1,2018-10
2019,409,,서울특별시 서대문구 연희동 437-25,생활방범,4,2018-10
2019,410,,서울특별시 서대문구 홍제동 342-2,생활방범,4,2018-10
2019,411,,서울특별시 서대문구 홍제동 361-14,생활방범,4,2018-10
2019,412,,서울특별시 서대문구 홍제동 356-145,생활방범,5,2018-10
2019,413,,서울특별시 서대문구 홍제동 420 맞은편,생활방범,4,2018-10
2019,414,,서울특별시 서대문구 홍제동 260-21,생활방범,4,2018-10
2019,415,,서울특별시 서대문구 홍은동 8-1554,생활방범,4,2018-10
2019,416,,서울특별시 서대문구 홍은동 8-540,생활방범,4,2018-10
2019,417,,서울특별시 서대문구 홍은동 11-278,생활방범,4,2018-10
2019,418,,서울특별시 서대문구 홍은동 8-145 맞은편,생활방범,4,2018-10
2019,419,,서울특별시 서대문구 홍은동 25-1,생활방범,6,2018-10
2019,420,,서울특별시 서대문구 홍은동 50-12,생활방범,4,2018-10
2019,421,,서울특별시 서대문구 홍은동 191-122 맞은편,생활방범,4,2018-10
2019,422,,서울특별시 서대문구 홍은동 265-208,생활방범,4,2018-10
2019,423,,서울특별시 서대문구 홍은동 277-45,생활방범,5,2018-10
2019,424,,서울특별시 서대문구 남가좌동 104-11,생활방범,4,2018-10
2019,425,,서울특별시 서대문구 남가좌동 345-4,생활방범,1,2018-10
2019,426,,서울특별시 서대문구 남가좌동 326-32,생활방범,5,2018-10
2019,427,,서울특별시 서대문구 남가좌동 335-14,생활방범,5,2018-10
2019,428,,서울특별시 서대문구 북가좌동 5-217,생활방범,5,2018-10
2019,429,,서울특별시 서대문구 북가좌동 5-19,생활방범,5,2018-10
2019,430,,서울특별시 서대문구 북가좌동 80-131,생활방범,5,2018-10
2019,431,,서울특별시 서대문구 북가좌동 324-47,생활방범,4,2018-10
2019,432,,서울특별시 서대문구 북가좌동 286-14,생활방범,4,2018-10
2019,433,,서울특별시 서대문구 북가좌동 281-12,생활방범,4,2018-10
2019,434,,서울특별시 서대문구 북가좌동 348-9,생활방범,4,2018-10
2019,435,,서울특별시 서대문구 북가좌동 286-25,생활방범,1,2018-10
2019,436,,서울특별시 서대문구 북가좌동 328-1,생활방범,1,2018-10
2019,437,,서울특별시 서대문구 북가좌동 276-6,생활방범,5,2018-10
2019,438,,서울특별시 서대문구 북가좌2동 307-17,생활방범,1,2005-02
2019,439,,서울특별시 서대문구 북가좌2동 307-21,생활방범,1,2005-02
2019,440,,서울특별시 서대문구 북가좌2동 309-14,생활방범,1,2005-02
2019,441,,서울특별시 서대문구 북가좌2동 312-2,생활방범,1,2005-02
2019,442,,서울특별시 서대문구 북가좌2동 315-28,생활방범,1,2005-02
2019,443,,서울특별시 서대문구 북가좌2동 317-20,생활방범,1,2005-02
2019,444,,서울특별시 서대문구 북가좌2동 321-1,생활방범,1,2005-02
2019,445,,서울특별시 서대문구 북가좌2동 312-17,생활방범,1,2005-02
2019,446,,서울특별시 서대문구 북가좌2동 324-19,생활방범,1,2005-02
2019,447,,서울특별시 서대문구 북가좌2동 327-10,생활방범,1,2005-02
2019,448,,서울특별시 서대문구 북가좌2동 343-23,생활방범,1,2005-02
2019,449,,서울특별시 서대문구 홍은2동 405-16,생활방범,1,2006-02
2019,450,,서울특별시 서대문구 홍은2동 407-18,생활방범,1,2006-02
2019,451,,서울특별시 서대문구 홍은2동 409-4,생활방범,1,2006-02
2019,452,,서울특별시 서대문구 홍은2동 409-50,생활방범,1,2006-02
2019,453,,서울특별시 서대문구 홍은2동 410-21,생활방범,1,2006-02
2019,454,,서울특별시 서대문구 홍은2동 410-45,생활방범,1,2006-02
2019,455,,서울특별시 서대문구 홍은2동 413-17,생활방범,1,2006-02
2019,456,,서울특별시 서대문구 홍은2동 412-26,생활방범,1,2006-02
2019,457,,서울특별시 서대문구 홍은2동 415-1,생활방범,1,2006-02
2019,458,,서울특별시 서대문구 홍은2동 415-29,생활방범,1,2006-02
2019,459,,서울특별시 서대문구 홍제1동 356-165,생활방범,1,2007-02
2019,460,,서울특별시 서대문구 홍제1동 362-2,생활방범,1,2007-02
2019,461,,서울특별시 서대문구 홍은2동 405-1,생활방범,1,2007-02
2019,462,,서울특별시 서대문구 홍은2동 414-26,생활방범,1,2007-02
2019,463,,서울특별시 서대문구 홍은2동 415-67,생활방범,1,2007-02
2019,464,,서울특별시 서대문구 남가좌2동 325-43,생활방범,1,2007-02
2019,465,,서울특별시 서대문구 남가좌2동 331-31,생활방범,1,2007-02
2019,466,,서울특별시 서대문구 북가좌2동 317-11,생활방범,1,2007-02
2019,467,,서울특별시 서대문구 옥천동 99,생활방범,2,2012-06
2019,468,,서울특별시 서대문구 북가좌동 75-3,생활방범,2,2012-06
2019,469,,서울특별시 서대문구 홍제1동 321-3,생활방범,2,2012-06
2019,470,,서울특별시 서대문구 현저동 1-388,생활방범,2,2012-06
2019,471,,서울특별시 서대문구 홍은1동 48-125,생활방범,4,2012-06
2019,472,,서울특별시 서대문구 남가좌1동 289-47,생활방범,2,2012-06
2019,473,,서울특별시 서대문구 연희동 434-41,생활방범,3,2012-06
2019,474,,서울특별시 서대문구 북가좌2동 325-19,생활방범,2,2012-06
2019,475,,서울특별시 서대문구 미근동 112,생활방범,2,2012-12
2019,476,,서울특별시 서대문구 창천동 248,생활방범,2,2012-12
2019,477,,서울특별시 서대문구 연희동 340-59,생활방범,2,2012-12
2019,478,,서울특별시 서대문구 홍제동 178-1,생활방범,2,2012-12
2019,479,,서울특별시 서대문구 홍은동 265-285,생활방범,2,2012-12
2019,480,,서울특별시 서대문구 홍은동 8-525,생활방범,2,2012-12
2019,481,,서울특별시 서대문구 북가좌동 372-1~383-18,생활방범,2,2012-12
2019,482,,서울특별시 서대문구 북가좌동 345-30,생활방범,2,2012-12
2019,483,,서울특별시 서대문구 신촌동 74-12 맞은편,교통단속,1,2007-02
2019,484,,서울특별시 서대문구 대현동 37-72,교통단속,1,2007-02
2019,485,,서울특별시 서대문구 대현동 56-12,교통단속,1,2007-02
2019,486,,서울특별시 서대문구 대현동 101-34,교통단속,1,2007-02
2019,487,,서울특별시 서대문구 창천동 4-96,교통단속,1,2007-02
2019,488,,서울특별시 서대문구 충정로2가 184-13,교통단속,5,2007-12
2019,489,,서울특별시 서대문구 천연동 41,교통단속,3,2007-12
2019,490,,서울특별시 서대문구 북아현동 130-12,교통단속,3,2007-12
2019,491,,서울특별시 서대문구 창천동 2-33,교통단속,3,2007-12
2019,492,,서울특별시 서대문구 연희동 69-22,교통단속,3,2007-12
2019,493,,서울특별시 서대문구 연희동 92-13,교통단속,3,2007-12
2019,494,,서울특별시 서대문구 홍제3동 301-3,교통단속,3,2007-12
2019,495,,서울특별시 서대문구 홍은2동 409-47,교통단속,3,2007-12
2019,496,,서울특별시 서대문구 남가좌2동 347-2,교통단속,3,2007-12
2019,497,,서울특별시 서대문구 북가좌2동 306-22,교통단속,3,2007-12
2019,498,,서울특별시 서대문구 충정로3가 3-131,교통단속,3,2008-12
2019,499,,서울특별시 서대문구 북아현동 1-254,교통단속,3,2008-12
2019,500,,서울특별시 서대문구 북아현동 176-53,교통단속,3,2008-12
2019,501,,서울특별시 서대문구 홍제3동 266-60,교통단속,3,2008-12
2019,502,,서울특별시 서대문구 홍제3동 287-182 맞은편,교통단속,3,2008-12
2019,503,,서울특별시 서대문구 홍은1동 9-88,교통단속,3,2008-12
2019,504,,서울특별시 서대문구 홍은1동 11-853 맞은편,교통단속,3,2008-12
2019,505,,서울특별시 서대문구 홍은2동 346-1,교통단속,1,2008-12
2019,506,,서울특별시 서대문구 홍은2동 357-8,교통단속,1,2008-12
2019,507,,서울특별시 서대문구 남가좌2동 339-32,교통단속,3,2008-12
2019,508,,서울특별시 서대문구 북가좌2동 283-19,교통단속,1,2008-12
2019,509,,서울특별시 서대문구 북가좌2동 292-13,교통단속,1,2008-12
2019,510,,서울특별시 서대문구 충정로3가 22-1,교통단속,3,2009-06
2019,511,,서울특별시 서대문구 창천동 13-29 (형제갈비),교통단속,4,2009-06
2019,512,,서울특별시 서대문구 홍은2동 395-18,교통단속,3,2009-06
2019,513,,서울특별시 서대문구 홍은2동 427-4,교통단속,3,2009-06
2019,514,,서울특별시 서대문구 남가좌1동 105-29,교통단속,3,2009-06
2019,515,,서울특별시 서대문구 남가좌2동 330-43,교통단속,3,2009-06
2019,516,,서울특별시 서대문구 남가좌2동 74-17 맞은편,교통단속,3,2009-06
2019,517,,서울특별시 서대문구 북가좌2동 278-1,교통단속,3,2009-06
2019,518,,서울특별시 서대문구 남가좌2동 354-53,교통단속,1,2011-12
2019,519,,서울특별시 서대문구 연희동 353-76,교통단속,1,2011-12
2019,520,,서울특별시 서대문구 창천동 57-18 (창천어린이공원),교통단속,2,2011-12
2019,521,,서울특별시 서대문구 냉천동 147(서대문성당),교통단속,1,2011-12
2019,522,,서울특별시 서대문구 홍제동 107-2 맞은편 (인왕현대아파트 진입로),교통단속,1,2012-01
2019,523,,서울특별시 서대문구 미근동 101-5 [미동초교(돈까스집)],교통단속,3,2013-12
2019,524,,서울특별시 서대문구 창천동 57-66 맞은편 [창서초교(정문앞)],교통단속,6,2013-12
2019,525,,서울특별시 서대문구 창천동 57-36 맞은편 [창서초교(숯불생고기)],교통단속,5,2013-12
2019,526,,서울특별시 서대문구 창천동 67-13 맞은편 [창서초교(미용실)],교통단속,5,2013-12
2019,527,,서울특별시 서대문구 대현동 62-1 맞은편 [신현유치원],교통단속,3,2013-12
2019,528,,서울특별시 서대문구 남가좌동 3-2 [충암유치원후문],교통단속,3,2013-12
2019,529,,서울특별시 서대문구 남가좌동 236-1 맞은편 [연가초교(정문앞 공원)],교통단속,4,2013-12
2019,530,,서울특별시 서대문구 홍제3동 249-1 [인왕초 정문],교통단속,4,2010-12
2019,531,,서울특별시 서대문구 창천동 9-26 [신촌생고기],교통단속,4,2014-02
2019,532,,서울특별시 서대문구 창천동 52-18 [누들박스],교통단속,4,2014-02
2019,533,,서울특별시 서대문구 창천동 13-111 [돈텐동식당],교통단속,3,2014-02
2019,534,,서울특별시 서대문구 창천동 52-152 [자연담은화로],교통단속,4,2014-02
2019,535,,서울특별시 서대문구 창천동 18-4 [GS25],교통단속,4,2014-02
2019,536,,서울특별시 서대문구 창천동 5-8 [오시리스타워 주차장],교통단속,4,2014-02
2019,537,,서울특별시 서대문구 창천동 89-26 [햇빛부동산 맞은편],교통단속,4,2014-02
2019,538,,서울특별시 서대문구 창천동 52-50 [싸이버사격장],교통단속,5,2011-02
2019,539,,서울특별시 서대문구 연희동 79-11 [카젠 카센터],교통단속,3,2014-02
2019,540,,서울특별시 서대문구 홍제동 245-8 [인왕이발관 옆],교통단속,3,2014-02
2019,541,,서울특별시 서대문구 홍은2동 273-10 (홍은2동 주민센터 앞),교통단속,3,2014-02
2019,542,,서울특별시 서대문구 북가좌동 420-32 [DMC래미안e편한세상4단지 이마트앞],교통단속,3,2014-02
2019,543,,서울특별시 서대문구 북가좌동 106-2 [중앙근린공원],교통단속,3,2014-02
2019,544,,서울특별시 서대문구 홍제동 105-98 [인왕유치원 앞],교통단속,3,2014-08
2019,545,,서울특별시 서대문구 홍제동 460 맞은편 [현대경복유치원 앞],교통단속,3,2014-08
2019,546,,서울특별시 서대문구 충정로3가 360-26 맞은편 [PUB 호프집 앞],교통단속,3,2015-02
2019,547,,서울특별시 서대문구 연희동 132-38 [동양공인중개사 앞],교통단속,3,2015-02
2019,548,,서울특별시 서대문구 홍제동 264-8 [인왕떡집 앞],교통단속,3,2015-02
2019,549,,서울특별시 서대문구 홍제동 295-35 [인왕약국 앞],교통단속,3,2015-02
2019,550,,서울특별시 서대문구 홍제동 251 [세무서 앞],교통단속,4,2015-02
2019,551,,서울특별시 서대문구 북가좌동 186-36 [북가좌현대아파트 102동 앞],교통단속,3,2015-02
2019,552,,서울특별시 서대문구 충정로2가 74 맞은편 [인창고등학교담벼락],교통단속,3,2015-09
2019,553,,서울특별시 서대문구 북아현동 215-1 [북성초등학교 체육관],교통단속,3,2015-09
2019,554,,서울특별시 서대문구 연희동 89-19 [연희초 육교],교통단속,3,2015-09
2019,555,,서울특별시 서대문구 홍제동 317-10 맞은편 [서울예술실용전문학교 정문],교통단속,3,2015-09
2019,556,,서울특별시 서대문구 홍은동 277-66 [서대문문화체육회관 앞],교통단속,3,2015-09
2019,557,,서울특별시 서대문구 북가좌동 376-18 [북가좌초 주차장],교통단속,3,2015-09
2019,558,,서울특별시 서대문구 북아현동 251-99 [대신초],교통단속,3,2016-12
2019,559,,서울특별시 서대문구 대신동 6-13 [이대부속유치원],교통단속,3,2016-12
2019,560,,서울특별시 서대문구 연희동 80-2 [외국인학교],교통단속,3,2016-12
2019,561,,서울특별시 서대문구 홍제동 25-13 [한양유치원],교통단속,3,2016-12
2019,562,,서울특별시 서대문구 남가좌동 188-6 [가재울초교],교통단속,3,2016-12
2019,563,,서울특별시 서대문구 남가좌동 119-41 [가재울초교],교통단속,3,2016-12
2019,564,,서울특별시 서대문구 홍은동 48-16,교통단속,3,2016-12
2019,565,,서울특별시 서대문구 홍은동 396-26,교통단속,3,2016-12
2019,566,,서울특별시 서대문구 북가좌동 486,교통단속,3,2016-12
2019,567,,서울특별시 서대문구 남가좌동 124-269,교통단속,3,2016-12
2019,568,,서울특별시 서대문구 충정로3가 476 [난타공연장 앞],교통단속,3,2016-12
2019,569,,서울특별시 서대문구 북아현동 221-12 [고기정육시장 앞],교통단속,3,2016-12
2019,570,,서울특별시 서대문구 창천동 506-17 [뚜레쥬르 앞],교통단속,3,2016-12
2019,571,,서울특별시 서대문구 미근동 165 [미근119 안전센터 앞],교통단속,4,2017-11
2019,572,,서울특별시 서대문구 북아현동 136-21 [e편한세상4단지 뒤편 CU편의점],교통단속,4,2017-11
2019,573,,서울특별시 서대문구 홍제동 266-151 [마을탕 앞],교통단속,3,2017-11
2019,574,,서울특별시 서대문구 홍은2동 산26-170 (홍연초교 교재원),교통단속,4,2010-12
2019,575,,서울특별시 서대문구 홍제3동 287-261 (홍은초 후문),교통단속,5,2010-12
2019,576,,서울특별시 서대문구 북가좌동 289-4,교통단속,3,2018-01
2019,577,,서울특별시 서대문구 연희동 149,교통단속,4,2018-12
2019,578,,서울특별시 서대문구 홍은동 40-3 맞은편,교통단속,4,2017-12
2019,579,,서울특별시 서대문구 홍은1동 48-95,교통단속,4,2011-02
2019,580,,서울특별시 서대문구 냉천동 200-2 (금화초 정문),어린이보호,3,2010-12
2019,581,,서울특별시 서대문구 천연동 13-30 (감리신학대 정문),어린이보호,4,2010-12
2019,582,,서울특별시 서대문구 북가좌1동 401-1 (북가좌초 정문),어린이보호,4,2010-12
2019,583,,서울특별시 서대문구 북가좌1동 375-12 (북가좌초 서문),어린이보호,4,2010-12
2019,584,,서울특별시 서대문구 홍제1동 47-6 (안산초 정문),어린이보호,4,2010-12
2019,585,,서울특별시 서대문구 홍제1동 44-580 (홍제1동 제3공영주차장),어린이보호,4,2010-12
2019,586,,서울특별시 서대문구 남가좌2동 224-278 (연가초 후문),어린이보호,4,2010-12
2019,587,,서울특별시 서대문구 홍은2동 산26-164  홍연초(명지초∼백련테니스),어린이보호,3,2010-12
2019,588,,서울특별시 서대문구 명지학원 방향 삼거리,어린이보호,4,2010-12
2019,589,,서울특별시 서대문구 홍제3동 286-25  (홍은초 정문),어린이보호,4,2010-12
2019,590,,서울특별시 서대문구 고은초등학교 후문,어린이보호,4,2011-12
2019,591,,서울특별시 서대문구 독립문어린이집,어린이보호,4,2011-12
2019,592,,서울특별시 서대문구 금화초등학교,어린이보호,4,2011-12
2019,593,,서울특별시 서대문구 신현유치원,어린이보호,4,2011-12
2019,594,,서울특별시 서대문구 이대부속초등학교 정문,어린이보호,4,2011-12
2019,595,,서울특별시 서대문구 이대부속초등학교 후문,어린이보호,5,2011-12
2019,596,,서울특별시 서대문구 연희초등학교 정문,어린이보호,5,2011-12
2019,597,,서울특별시 서대문구 연희초등학교 후문,어린이보호,3,2011-12
2019,598,,서울특별시 서대문구 명지초등학교 정문,어린이보호,3,2011-12
2019,599,,서울특별시 서대문구 명지고등학교 체육관,어린이보호,4,2011-12
2019,600,,서울특별시 서대문구 북가좌동 316-32 (북가좌초등학교 대성반점),어린이보호,5,2011-12
2019,601,,서울특별시 서대문구 홍제초교,어린이보호,5,2012-11
2019,602,,서울특별시 서대문구 세브란스어린이집,어린이보호,5,2012-11
2019,603,,서울특별시 서대문구 환희어린이집,어린이보호,5,2012-11
2019,604,,서울특별시 서대문구 홍제성당유치원,어린이보호,4,2012-11
2019,605,,서울특별시 서대문구 미동초교,어린이보호,3,2012-11
2019,606,,서울특별시 서대문구 경기초교,어린이보호,3,2012-11
2019,607,,서울특별시 서대문구 창서초교(편의점),어린이보호,4,2013-12
2019,608,,서울특별시 서대문구 안산초교(후문안 소각장),어린이보호,3,2013-12
2019,609,,서울특별시 서대문구 충암유치원정문,어린이보호,4,2013-12
2019,610,,서울특별시 서대문구 세종유치원,어린이보호,4,2013-12
2019,611,,서울특별시 서대문구 홍제동 300-18,어린이보호,4,2017-12
2019,612,,서울특별시 서대문구 홍은동 48-100,어린이보호,3,2017-12
2019,613,,서울특별시 서대문구 홍은동 305,어린이보호,3,2017-12
2019,614,,"서울특별시 서대문구 홍제내길 227, 홍제동 자전거보관소",시설물관리,4,2017-11
2019,615,,"서울특별시 서대문구 홍제동 266-271, 홍제천 홍제교 상류 우안(중간가압장)",재난재해,1,2017-11
2019,616,,"서울특별시 서대문구 연희동 2-5,  홍제천 안산 방죽",재난재해,2,2017-11
2019,617,,"서울특별시 서대문구 연희동 2-75, 홍제천 안산가압장 앞(홍제천수변공원관리사무소)",재난재해,1,2017-11
2019,618,,"서울특별시 서대문구 연희동 170-185, 홍제천 전망데크 주차장 교각 및 물레방아 건너편",재난재해,2,2017-11
2019,619,,"서울특별시 서대문구 연희동 519-2 , 홍제천 연가교 상류 좌안",재난재해,1,2017-11
2019,620,,"서울특별시 서대문구 남가좌동 107-6, 홍제천 사천교 상류 우안",재난재해,1,2018-06
2019,621,,"서울특별시 마포구 망원동 305-2, 성산대교(홍제천 하상여과시설 전기설비)",재난재해,2,2008-11
2019,622,,"서울특별시 서대문구 홍은동 277-152, 홍제천 홍연2교 돌무지 (1)",재난재해,2,2018-06
2019,623,,"서울특별시 서대문구 홍은동 277-152, 홍제천 홍연2교 돌무지 (2)",재난재해,2,2017-11
2019,624,,"서울특별시 서대문구 연희동 2-75, 홍제천 인공폭포 상부",재난재해,2,2018-06
2019,625,,"서울특별시 서대문구 홍은동 1-4, 옥천교(홍지문밑 다리)",재난재해,1,2018-06
2019,626,,"서울특별시 서대문구 홍은동 9-698, 옥천암(마애좌불 인근)",재난재해,1,2018-06
2019,627,,"서울특별시 서대문구 홍은동 9-699, 옥천2교(홍은초교 인근)",재난재해,1,2018-06
2019,628,,"서울특별시 서대문구 홍은동 9-685, 홍은1동 주민센터 앞",재난재해,1,2018-06
2019,629,,"서울특별시 서대문구 홍제동 277-82, 문화촌",재난재해,1,2018-06
2019,630,,"서울특별시 서대문구 홍은동 265-437, 정원단지 입구",재난재해,1,2018-06
2019,631,,"서울특별시 서대문구 불광천길 42, 불광천 해담는 다리 상류",재난재해,2,2018-06
2019,632,,"서울특별시 서대문구 북가좌동 349-33, 증산3교 하류",재난재해,2,2018-06
2019,633,,"서울특별시 서대문구 창천동 72-1, 현대백화점 옆 (저지대)",재난재해,1,2012-04
2019,634,,"서울특별시 서대문구 북아현동 134-40, 아현역 입구 (저지대)",재난재해,1,2012-04
2019,635,,"서울특별시 서대문구 홍은동 11-1, 백련산저류지 (산불)",재난재해,2,2012-04
2019,636,,"서울특별시 서대문구 현저동 산5-5, 구의회 옥상 (산불)",재난재해,2,2012-04
2019,637,,"서울특별시 서대문구 북아현동 1-1803, 금화터널 시설녹지내 (산불)",재난재해,2,2012-04
2019,638,,"서울특별시 서대문구 연희로 248, 구청사",다목적,32,2015-01
