소재지도로명주소,소재지지번주소,설치목적구분,카메라대수,설치년월
,서울특별시 서대문구 창천동 57-18(창천문화공원),생활방범,6,2009-03
,서울특별시 서대문구 홍은1동 11-23(홍박공원),생활방범,8,2009-03
,서울특별시 서대문구 홍은2동 405-3(홍남어린이공원),생활방범,5,2009-03
,서울특별시 서대문구 홍은2동 421-1(백련어린이공원),생활방범,4,2009-03
,서울특별시 서대문구 남가좌2동 326-8(연남어린이공원),생활방범,6,2009-03
,서울특별시 서대문구 홍제3동 454-2(홍제근린공원),생활방범,8,2009-08
,서울특별시 서대문구 홍은2동 408-4(홍연어린이공원),생활방범,4,2009-12
,"서울특별시 서대문구 연희동 산 118(궁동근린공원, 실내체육관)",생활방범,4,2010-02
,서울특별시 서대문구 북아현동 210-24(명수어린이공원),생활방범,9,2010-06
,서울특별시 서대문구 연희동 73-8(대궐재어린이공원),생활방범,6,2010-06
,서울특별시 서대문구 연희동 519-7(연서어린이공원),생활방범,9,2010-06
,서울특별시 서대문구 연희동 산 1 (안산도시자연공원),생활방범,6,2010-06
,서울특별시 서대문구 홍제3동 287-121(불천어린이공원),생활방범,6,2010-06
,서울특별시 서대문구 남가좌2동 376-4(가좌어린이공원),생활방범,8,2010-06
,서울특별시 서대문구 북가좌2동 318-1(신가어린이공원),생활방범,6,2010-06
,서울특별시 서대문구 연희동 산 118(궁동근린공원. 화장실),생활방범,4,2010-11
,서울특별시 서대문구 연희동 산 (안산문화쉼터 방문자센터),생활방범,4,2011-06
,서울특별시 서대문구 연희동 산 (안산문화쉼터 벚꽃마당),생활방범,3,2011-06
,서울특별시 서대문구 연희동 산 (안산문화쉼터 숲속쉼터),생활방범,3,2011-06
,서울특별시 서대문구 백련근린공원(화장실),생활방범,4,2012-01
,서울특별시 서대문구 백련근린공원(논골마당),생활방범,4,2012-01
,서울특별시 서대문구 백련근린공원(저류지),생활방범,3,2012-01
,서울특별시 서대문구 창천근린공원(돌계단),생활방범,4,2012-07
,서울특별시 서대문구 창천근린공원(정상),생활방범,4,2012-07
,서울특별시 서대문구 안산도시공원(구의회방향),생활방범,3,2012-07
,서울특별시 서대문구 안산도시공원(아파트방향),생활방범,3,2012-07
,서울특별시 서대문구 안산도시공원(신일교회방향),생활방범,3,2012-07
,서울특별시 서대문구 호박골공원(아파트입구),생활방범,3,2012-07
,서울특별시 서대문구 호박골공원(배드민턴장),생활방범,3,2012-07
,"서울특별시 서대문구 호박골공원(축구장,회전형)",생활방범,1,2012-07
,"서울특별시 서대문구 호박골공원(놀이시설,회전형)",생활방범,1,2012-07
,서울특별시 서대문구 호박골공원(관리사무소),생활방범,2,2012-07
,서울특별시 서대문구 호박골공원(주택입구),생활방범,3,2012-07
,서울특별시 서대문구 배롱나무쉼터,생활방범,2,2012-07
,서울특별시 서대문구 안산자락길(화장실),생활방범,3,2013-10
,서울특별시 서대문구 안산자락길(북카페),생활방범,2,2013-10
,서울특별시 서대문구 고은산공원(계단입구),생활방범,2,2013-10
,"서울특별시 서대문구 고은산공원(놀이시설, 배드민턴)",생활방범,3,2013-10
,서울특별시 서대문구 호박골공원(놀이시설 입구),생활방범,3,2013-10
,서울특별시 서대문구 은가어린이공원(정자),생활방범,2,2013-10
,서울특별시 서대문구 은가어린이공원(입구),생활방범,2,2013-10
,서울특별시 서대문구 모랫재공원,생활방범,2,2013-10
,서울특별시 서대문구 궁말어린이공원(놀이시설),생활방범,2,2013-10
,서울특별시 서대문구 궁말어린이공원(입구),생활방범,2,2013-10
,서울특별시 서대문구 거꾸로어린이공원,생활방범,2,2013-10
,서울특별시 서대문구 백련근린공원 자연체험장 (입구),생활방범,1,2013-12
,서울특별시 서대문구 백련근린공원 자연체험장 (체육시설),생활방범,1,2013-12
,서울특별시 서대문구 백련근린공원 자연체험장 (갈림길),생활방범,1,2013-12
,서울특별시 서대문구 백련근린공원 자연체험장 (육각정),생활방범,1,2013-12
,서울특별시 서대문구 백련근린공원 자연체험장 (원두막),생활방범,1,2013-12
,서울특별시 서대문구 나비울어린이공원(기부채납),생활방범,4,2014-01
,서울특별시 서대문구 봉원소공원,생활방범,3,2014-07
,서울특별시 서대문구 복주우물공원,생활방범,2,2014-07
,"서울특별시 서대문구 중앙근린공원(정자4,도서관1,화장실2,공터)",생활방범,8,2012-11
,서울특별시 서대문구 중앙근린공원 (가재울4구역),생활방범,9,2016-09
,서울특별시 서대문구 안산도시자연공원(화장실 앞),생활방범,2,2014-11
,서울특별시 서대문구 안산자락길(숲속무대 화장실 앞),생활방범,3,2014-11
,서울특별시 서대문구 궁동근린공원 (어린이놀이터),생활방범,1,2014-11
,서울특별시 서대문구 궁동근린공원 (어린이놀이터),생활방범,4,2015-04
,서울특별시 서대문구 북한산도시자연공원(홍은동 8-637일대),생활방범,2,2014-11
,서울특별시 서대문구 인왕산도시자연공원 (개미마을 어린이놀이터),생활방범,3,2015-04
,서울특별시 서대문구 인왕산도시자연공원 (쌈지마당 어린이놀이터),생활방범,4,2015-04
,서울특별시 서대문구 창천골목공원,생활방범,1,2015-11
,서울특별시 서대문구 창천골목공원,생활방범,2,2015-11
,서울특별시 서대문구 연희어린이공원,생활방범,1,2015-11
,서울특별시 서대문구 홍연마을마당,생활방범,1,2015-11
,서울특별시 서대문구 동구물어린이공원,생활방범,1,2015-11
,서울특별시 서대문구 중앙소공원,생활방범,2,2015-11
,서울특별시 서대문구 인왕소공원,생활방범,1,2015-11
,서울특별시 서대문구 가재울어린이공원,생활방범,1,2015-11
,서울특별시 서대문구 무궁화소공원,생활방범,2,2016-07
,서울특별시 서대문구 가재어린이공원,생활방범,13,2016-09
,서울특별시 서대문구 한울소공원,생활방범,4,2016-09
,서울특별시 서대문구 모래내어린이공원,생활방범,8,2016-09
,서울특별시 서대문구 복주산근린공원,생활방범,9,2016-10
,서울특별시 서대문구 복주산근린공원,생활방범,7,2018-02
,서울특별시 서대문구 북아현연결녹지공원,생활방범,2,2016-10
,서울특별시 서대문구 궁뜰어린이공원,생활방범,2,2016-12
,서울특별시 서대문구 상암곡어린이공원,생활방범,1,2016-12
,서울특별시 서대문구 고은산전망대,생활방범,3,2016-12
,서울특별시 서대문구 문화촌어린이공원,생활방범,2,2016-12
,서울특별시 서대문구 홍은동어린이공원,생활방범,2,2016-12
,서울특별시 서대문구 백련근린공원 어린이놀이터,생활방범,2,2016-12
,서울특별시 서대문구 무궁화동산 화장실,생활방범,3,2016-12
,서울특별시 서대문구 북가좌정원지구 어린이공원,생활방범,3,2016-12
,서울특별시 서대문구 보은소공원,생활방범,2,2016-12
,서울특별시 서대문구 한성어린이공원,생활방범,11,2017-03
,서울특별시 서대문구 너른바위 어린이공원,생활방범,11,2017-03
,서울특별시 서대문구 북성어린이공원,생활방범,9,2017-03
,서울특별시 서대문구 동그라미쉼터,생활방범,6,2017-03
,서울특별시 서대문구 너나들이쉼터,생활방범,7,2017-03
,서울특별시 서대문구 북아현1-3 공공공지,생활방범,2,2017-03
,서울특별시 서대문구 아현역 소공원,생활방범,3,2017-03
,서울특별시 서대문구 다람쥐어린이공원,생활방범,2,2017-12
,서울특별시 서대문구 둥글레소공원,생활방범,4,2017-12
,서울특별시 서대문구 문화공원,생활방범,4,2017-12
,서울특별시 서대문구 홍은한마당 화장실,생활방범,2,2017-12
,서울특별시 서대문구 홍은12구역 소공원,생활방범,4,2017-12
,서울특별시 서대문구 현저동 무악재고개(하늘다리),생활방범,4,2017-12
,서울특별시 서대문구 북한산자락길 화장실 앞,생활방범,4,2018-03
,서울특별시 서대문구 안산 밤고개놀이터,생활방범,6,2018-10
,서울특별시 서대문구 까치소공원,생활방범,3,2018-10
,서울특별시 서대문구 바람산어린이공원,생활방범,3,2018-10
,서울특별시 서대문구 충정로3가 120-2,생활방범,1,2006-04
,서울특별시 서대문구 영천동 69-54,생활방범,1,2006-04
,서울특별시 서대문구 북아현동 1-696,생활방범,1,2006-04
,서울특별시 서대문구 북아현동 3-392,생활방범,1,2006-04
,서울특별시 서대문구 북아현동 187-1,생활방범,1,2006-04
,서울특별시 서대문구 북아현동 117-29,생활방범,1,2006-04
,서울특별시 서대문구 북가좌2동 75-155,생활방범,1,2006-04
,서울특별시 서대문구 북아현동 906-1,생활방범,1,2006-04
,서울특별시 서대문구 대신동 141-1,생활방범,1,2006-04
,서울특별시 서대문구 창천동 90-46,생활방범,1,2006-04
,서울특별시 서대문구 창천동 465,생활방범,1,2006-04
,서울특별시 서대문구 창천동 511-5,생활방범,1,2006-04
,서울특별시 서대문구 연희동 151-84,생활방범,1,2006-04
,서울특별시 서대문구 연희동 194-34,생활방범,1,2006-04
,서울특별시 서대문구 연희동 344-140,생활방범,1,2006-04
,서울특별시 서대문구 연희동 446-196,생활방범,1,2006-04
,서울특별시 서대문구 연희동 446-140,생활방범,1,2006-04
,서울특별시 서대문구 홍제1동 156-359,생활방범,1,2006-04
,서울특별시 서대문구 홍제1동 330-113,생활방범,1,2006-04
,서울특별시 서대문구 홍제1동 361-5,생활방범,1,2006-04
,서울특별시 서대문구 홍제2동 177-2,생활방범,1,2006-04
,서울특별시 서대문구 남가좌동 289-54,생활방범,1,2006-04
,서울특별시 서대문구 홍제3동 268-15,생활방범,1,2006-04
,서울특별시 서대문구 홍은1동 9-65,생활방범,1,2006-04
,서울특별시 서대문구 홍은1동 9-152,생활방범,1,2006-04
,서울특별시 서대문구 홍은1동 11-413,생활방범,1,2006-04
,서울특별시 서대문구 홍은1동 19-13,생활방범,4,2006-04
,서울특별시 서대문구 남가좌2동 342-27,생활방범,1,2006-04
,서울특별시 서대문구 남가좌2동 5-42,생활방범,1,2006-04
,서울특별시 서대문구 북가좌2동 5-15,생활방범,1,2006-04
,서울특별시 서대문구 북가좌2동 75-126,생활방범,1,2006-04
,서울특별시 서대문구 북가좌2동 318-1,생활방범,1,2006-04
,서울특별시 서대문구 북아현동 135-4,생활방범,5,2008-02
,서울특별시 서대문구 북아현동 산1-445,생활방범,5,2008-02
,서울특별시 서대문구 대현동 37-2,생활방범,5,2008-02
,서울특별시 서대문구 창천동 470,생활방범,4,2008-02
,서울특별시 서대문구 연희동 124-44,생활방범,5,2008-02
,서울특별시 서대문구 홍은2동 265-340,생활방범,3,2008-02
,서울특별시 서대문구 북가좌1동 372-19,생활방범,3,2008-02
,서울특별시 서대문구 북가좌2동 3-107,생활방범,1,2008-02
,서울특별시 서대문구 북가좌2동 337-37,생활방범,1,2008-02
,서울특별시 서대문구 북가좌2동 295-24,생활방범,1,2008-02
,서울특별시 서대문구 북아현동 1-93,생활방범,5,2009-05
,서울특별시 서대문구 북아현동 113-22,생활방범,4,2009-05
,서울특별시 서대문구 창천동 4-62,생활방범,4,2009-05
,서울특별시 서대문구 창천동 13-55,생활방범,5,2009-05
,서울특별시 서대문구 창천동 113-10,생활방범,5,2009-05
,서울특별시 서대문구 연희동 109-1,생활방범,5,2009-05
,서울특별시 서대문구 연희동 137-6,생활방범,5,2009-05
,서울특별시 서대문구 연희동 142-18,생활방범,5,2009-05
,서울특별시 서대문구 홍제1동 313-8,생활방범,5,2009-05
,서울특별시 서대문구 홍제3동 6-67,생활방범,5,2009-05
,서울특별시 서대문구 홍은2동 188-29,생활방범,5,2009-05
,서울특별시 서대문구 창천동 5-6,생활방범,1,2009-11
,서울특별시 서대문구 연희동 1-11,생활방범,1,2009-11
,서울특별시 서대문구 연희동 113-2,생활방범,1,2009-11
,서울특별시 서대문구 홍제1동 341-18,생활방범,1,2009-11
,서울특별시 서대문구 홍제2동 136-14,생활방범,1,2009-11
,서울특별시 서대문구 충정로3가 3-52,생활방범,1,2009-11
,서울특별시 서대문구 충정로3가 477,생활방범,3,2009-11
,서울특별시 서대문구 천연동 120-90,생활방범,1,2010-04
,서울특별시 서대문구 북아현동 1-362,생활방범,1,2010-04
,서울특별시 서대문구 북아현동 3-68,생활방범,1,2009-11
,서울특별시 서대문구 북아현동 695,생활방범,1,2009-11
,서울특별시 서대문구 북아현동 82,생활방범,1,2009-11
,서울특별시 서대문구 북가좌2동 347-40,생활방범,1,2010-04
,서울특별시 서대문구 대신동 125-26,생활방범,1,2010-04
,서울특별시 서대문구 창천동 62-22,생활방범,1,2010-04
,서울특별시 서대문구 창천동 97-114,생활방범,1,2010-04
,서울특별시 서대문구 창천동 100-133,생활방범,1,2009-11
,서울특별시 서대문구 창천동 386,생활방범,1,2009-11
,서울특별시 서대문구 연희동 42-31,생활방범,1,2009-11
,서울특별시 서대문구 연희동 96-12,생활방범,1,2009-11
,서울특별시 서대문구 연희동 200,생활방범,1,2009-11
,서울특별시 서대문구 연희동 351-25,생활방범,1,2009-11
,서울특별시 서대문구 연희동 413-60,생활방범,1,2010-04
,서울특별시 서대문구 연희동 523-24,생활방범,1,2009-11
,서울특별시 서대문구 연희동 529-20,생활방범,1,2009-11
,서울특별시 서대문구 연희동 542-44,생활방범,1,2009-11
,서울특별시 서대문구 홍제동 360-10,생활방범,1,2010-04
,서울특별시 서대문구 홍제동 313-20,생활방범,4,2010-04
,서울특별시 서대문구 홍제1동 364-1,생활방범,4,2010-04
,서울특별시 서대문구 북가좌동 306-17 맞은편,생활방범,4,2010-04
,서울특별시 서대문구 홍제3동 266-215,생활방범,3,2010-04
,서울특별시 서대문구 홍제3동 304-102,생활방범,1,2010-04
,서울특별시 서대문구 홍제1동 308-102,생활방범,1,2010-04
,서울특별시 서대문구 홍은1동 8-368,생활방범,5,2010-04
,서울특별시 서대문구 홍은1동 8-476,생활방범,4,2010-04
,서울특별시 서대문구 홍은1동 8-505,생활방범,4,2010-04
,서울특별시 서대문구 홍은1동 11-82,생활방범,1,2010-04
,서울특별시 서대문구 홍은1동 11-124,생활방범,5,2010-04
,서울특별시 서대문구 홍은1동 11-318,생활방범,4,2010-04
,서울특별시 서대문구 홍은1동 440-5,생활방범,4,2010-04
,서울특별시 서대문구 홍은2동 191-95,생활방범,1,2010-04
,서울특별시 서대문구 홍은2동 204-4,생활방범,1,2010-04
,서울특별시 서대문구 남가좌2동 339-9,생활방범,1,2010-04
,서울특별시 서대문구 홍은2동 338-129,생활방범,6,2011-02
,서울특별시 서대문구 홍은2동 399-2,생활방범,5,2011-02
,서울특별시 서대문구 남가좌동 5-276,생활방범,5,2011-02
,서울특별시 서대문구 남가좌동 326-21,생활방범,5,2011-02
,서울특별시 서대문구 남가좌동 364-4,생활방범,4,2011-02
,서울특별시 서대문구 남가좌동 369-23,생활방범,4,2011-02
,서울특별시 서대문구 남가좌동 5-241,생활방범,5,2011-02
,서울특별시 서대문구 남가좌동 73-191,생활방범,5,2011-02
,서울특별시 서대문구 북가좌동 341-24,생활방범,5,2011-02
,서울특별시 서대문구 북가좌동 75-35,생활방범,5,2011-02
,서울특별시 서대문구 북가좌동 282-39,생활방범,4,2011-02
,서울특별시 서대문구 북가좌동 288-9,생활방범,4,2011-02
,서울특별시 서대문구 북가좌동 277-1,생활방범,4,2011-02
,서울특별시 서대문구 북가좌동 74-110,생활방범,5,2011-02
,서울특별시 서대문구 연희동 88-26,생활방범,4,2011-02
,서울특별시 서대문구 천연동 112,생활방범,5,2011-02
,서울특별시 서대문구 연희3동 48-34,생활방범,5,2011-02
,서울특별시 서대문구 홍은2동 164,생활방범,4,2011-02
,서울특별시 서대문구 홍은2동 277-94,생활방범,5,2011-02
,서울특별시 서대문구 연희동 444-44,생활방범,4,2011-02
,서울특별시 서대문구 북가좌1동 186-115,생활방범,4,2011-02
,서울특별시 서대문구 북가좌2동 3-82,생활방범,5,2011-02
,서울특별시 서대문구 홍제3동 280-9,생활방범,5,2011-02
,서울특별시 서대문구 홍제1동 334-53,생활방범,4,2011-02
,서울특별시 서대문구 남가좌동 346-4,생활방범,3,2012-06
,서울특별시 서대문구 남가좌2동 7-4,생활방범,5,2012-06
,서울특별시 서대문구 대현동 90-54,생활방범,4,2012-06
,서울특별시 서대문구 북가좌1동 370-1,생활방범,5,2012-06
,서울특별시 서대문구 북가좌2동 342-14,생활방범,5,2012-06
,서울특별시 서대문구 북가좌2동 344-31,생활방범,5,2012-06
,서울특별시 서대문구 북가좌2동 5-128,생활방범,5,2012-06
,서울특별시 서대문구 연희동 126-1,생활방범,4,2012-06
,서울특별시 서대문구 홍은2동 265-385,생활방범,5,2012-06
,서울특별시 서대문구 홍은2동 392-13,생활방범,5,2012-06
,서울특별시 서대문구 대현동 110-45 (창천동4-17),생활방범,4,2012-06
,서울특별시 서대문구 홍제1동 356-13,생활방범,5,2012-06
,서울특별시 서대문구 홍제2동 114-1,생활방범,6,2012-06
,서울특별시 서대문구 홍제3동 260-11,생활방범,5,2012-06
,서울특별시 서대문구 홍제1동 158-12,생활방범,4,2012-12
,서울특별시 서대문구 북아현동 215 (북성초교),생활방범,4,2012-12
,서울특별시 서대문구 남가좌1동 102-36,생활방범,4,2012-12
,서울특별시 서대문구 남가좌1동 289-43,생활방범,5,2012-12
,서울특별시 서대문구 남가좌1동 150-74,생활방범,4,2012-12
,서울특별시 서대문구 북아현동 593,생활방범,5,2012-12
,서울특별시 서대문구 대현동 45-38,생활방범,4,2012-12
,서울특별시 서대문구 연희동 170-121,생활방범,4,2012-12
,서울특별시 서대문구 홍은2동 338-31,생활방범,5,2012-12
,서울특별시 서대문구 홍은2동 377-3,생활방범,5,2012-12
,서울특별시 서대문구 홍은2동 265-337,생활방범,3,2012-12
,서울특별시 서대문구 북가좌1동 380-1,생활방범,4,2012-12
,서울특별시 서대문구 북가좌2동 5-25,생활방범,5,2012-12
,서울특별시 서대문구 홍제3동 305-4,생활방범,4,2012-12
,서울특별시 서대문구 북가좌2동 330-19 (란헤어샵),생활방범,4,2013-02
,서울특별시 서대문구 북가좌2동 330-7 (센텀시티),생활방범,4,2013-02
,서울특별시 서대문구 북가좌2동 342-5,생활방범,4,2013-02
,서울특별시 서대문구 북가좌2동 338-21 (거꾸로어린이공원),생활방범,4,2013-02
,서울특별시 서대문구 북가좌2동 337-6 (기룡하이츠),생활방범,4,2013-02
,서울특별시 서대문구 북가좌2동 332-11 (해물탕아구찜),생활방범,4,2013-02
,서울특별시 서대문구 충정로3가 284,생활방범,4,2013-12
,서울특별시 서대문구 천연동 120-2,생활방범,4,2013-12
,서울특별시 서대문구 창천동 13-57,생활방범,3,2013-12
,서울특별시 서대문구 창천동 2-46,생활방범,4,2013-12
,서울특별시 서대문구 창천동 91-7,생활방범,3,2013-12
,서울특별시 서대문구 연희동 1-78,생활방범,3,2013-12
,서울특별시 서대문구 연희동 721-1,생활방범,5,2013-12
,서울특별시 서대문구 홍제1동 312-243 (새마을회관 앞),생활방범,5,2013-12
,서울특별시 서대문구 홍제1동 167-30,생활방범,4,2013-12
,서울특별시 서대문구 홍제3동 287-22,생활방범,4,2013-12
,서울특별시 서대문구 홍은1동 11-756,생활방범,4,2013-12
,서울특별시 서대문구 홍은2동 396-22,생활방범,4,2013-12
,서울특별시 서대문구 남가좌2동 190-1 (삼각소공원 앞),생활방범,5,2013-12
,서울특별시 서대문구 북가좌1동 368-19 (문화빌라 앞 삼거리),생활방범,4,2013-12
,서울특별시 서대문구 연희동 334-81,생활방범,1,2013-12
,"서울특별시 서대문구 북아현동 118-99 (팔각정, 체육시설)",생활방범,5,2014-01
,서울특별시 서대문구 충정로2가 65-33,생활방범,3,2014-11
,서울특별시 서대문구 충정로2가 61,생활방범,3,2014-11
,서울특별시 서대문구 충정로3가 3-324 맞은편 (금화시민아파트),생활방범,3,2014-11
,서울특별시 서대문구 창천동 50-3,생활방범,4,2014-11
,서울특별시 서대문구 연희동 309-1,생활방범,4,2014-11
,서울특별시 서대문구 연희동 537-30,생활방범,4,2014-11
,서울특별시 서대문구 홍제동 312-79,생활방범,5,2014-11
,서울특별시 서대문구 홍제동 274-7 맞은편,생활방범,4,2014-11
,서울특별시 서대문구 북가좌동 5-151,생활방범,4,2014-11
,서울특별시 서대문구 북가좌동 73-15 맞은편,생활방범,3,2014-11
,서울특별시 서대문구 대현동 34-48 맞은편,생활방범,3,2015-12
,서울특별시 서대문구 창천동 29-16,생활방범,4,2015-12
,서울특별시 서대문구 연희동 187-3,생활방범,4,2015-12
,서울특별시 서대문구 홍제동 192-42 맞은편,생활방범,4,2015-12
,서울특별시 서대문구 홍제동 5-78,생활방범,4,2015-12
,서울특별시 서대문구 홍은동 191-149 맞은편,생활방범,3,2015-12
,서울특별시 서대문구 홍은동 265-148 (홍은2동 제2공영주차장),생활방범,4,2015-12
,서울특별시 서대문구 남가좌동 338-33,생활방범,5,2015-12
,서울특별시 서대문구 남가좌동 331-8,생활방범,5,2015-12
,서울특별시 서대문구 북가좌동 302-31,생활방범,5,2015-12
,서울특별시 서대문구 북가좌동 385-1,생활방범,5,2015-12
,서울특별시 서대문구 대현동 34-19,생활방범,3,2016-07
,서울특별시 서대문구 홍제동 308-86,생활방범,4,2016-08
,서울특별시 서대문구 충정로3가 8-5,생활방범,4,2016-12
,서울특별시 서대문구 옥천동 126-130,생활방범,5,2016-12
,서울특별시 서대문구 창천동 222,생활방범,4,2016-12
,서울특별시 서대문구 신촌동 2-156,생활방범,4,2016-12
,서울특별시 서대문구 연희동 79-3,생활방범,4,2016-12
,서울특별시 서대문구 연희동 340-8,생활방범,4,2016-12
,서울특별시 서대문구 연희동 30,생활방범,4,2016-12
,서울특별시 서대문구 연희동 119-7,생활방범,4,2016-12
,서울특별시 서대문구 연희동 721,생활방범,4,2016-12
,서울특별시 서대문구 연희동 723-10,생활방범,4,2016-12
,서울특별시 서대문구 연희동 711-37,생활방범,4,2016-12
,서울특별시 서대문구 연희동 162-15,생활방범,4,2016-12
,서울특별시 서대문구 연희동 537-48,생활방범,4,2016-12
,서울특별시 서대문구 연희동 104-3,생활방범,4,2016-12
,서울특별시 서대문구 연희동 340-40,생활방범,2,2016-12
,서울특별시 서대문구 홍제동 334-107,생활방범,4,2016-12
,서울특별시 서대문구 홍제동 24-16,생활방범,6,2016-12
,서울특별시 서대문구 충정로3가 7-68,생활방범,5,2016-12
,서울특별시 서대문구 홍제동 337-1,생활방범,3,2016-12
,서울특별시 서대문구 홍은동 8-620,생활방범,5,2016-12
,서울특별시 서대문구 홍은동 14-7,생활방범,4,2016-12
,서울특별시 서대문구 홍은동 206-18,생활방범,4,2016-12
,서울특별시 서대문구 홍은동 265-181,생활방범,5,2016-12
,서울특별시 서대문구 북가좌동 383-7,생활방범,4,2016-12
,서울특별시 서대문구 북가좌동 302-26,생활방범,5,2016-12
,서울특별시 서대문구 남가좌동 343-28,생활방범,5,2016-12
,서울특별시 서대문구 현저동 1019,생활방범,4,2017-03
,서울특별시 서대문구 북가좌동 75-128,생활방범,2,2017-03
,서울특별시 서대문구 홍제동 466,생활방범,4,2017-03
,서울특별시 서대문구 홍제동 312-178,생활방범,3,2017-03
,서울특별시 서대문구 홍제동 278-50,생활방범,3,2017-03
,서울특별시 서대문구 홍은동 22,생활방범,4,2017-03
,서울특별시 서대문구 홍은동 9-477,생활방범,3,2017-03
,서울특별시 서대문구 홍은동 10-24,생활방범,5,2017-03
,서울특별시 서대문구 홍은동 304-1,생활방범,4,2017-03
,서울특별시 서대문구 홍은동 275-27,생활방범,4,2017-03
,서울특별시 서대문구 충정로3가 3-63,생활방범,4,2017-12
,서울특별시 서대문구 충정로3가 32-35 맞은편,생활방범,3,2017-12
,서울특별시 서대문구 충정로3가 189-4 맞은편,생활방범,4,2017-12
,서울특별시 서대문구 북아현동 117-8,생활방범,5,2017-12
,서울특별시 서대문구 창천동 4-22,생활방범,5,2017-12
,서울특별시 서대문구 대현동 37-18,생활방범,4,2017-12
,서울특별시 서대문구 창천동 80-16,생활방범,1,2017-12
,서울특별시 서대문구 창천동 9-20,생활방범,1,2017-12
,서울특별시 서대문구 창천동 18-49,생활방범,1,2017-12
,서울특별시 서대문구 연희동 421-16 맞은편,생활방범,4,2017-12
,서울특별시 서대문구 연희동 151-55 맞은편,생활방범,5,2017-12
,서울특별시 서대문구 연희동 3-10 맞은편,생활방범,5,2017-12
,서울특별시 서대문구 연희동 117-5,생활방범,5,2017-12
,서울특별시 서대문구 연희동 51-74,생활방범,4,2017-12
,서울특별시 서대문구 연희동 110-9,생활방범,4,2017-12
,서울특별시 서대문구 연희동 436-5,생활방범,5,2017-12
,서울특별시 서대문구 홍제동 156-375,생활방범,4,2017-12
,서울특별시 서대문구 홍제동 156-365,생활방범,4,2017-12
,서울특별시 서대문구 홍제동 360-62,생활방범,4,2017-12
,서울특별시 서대문구 홍제동 330-247,생활방범,7,2017-12
,서울특별시 서대문구 홍제동 156-367,생활방범,4,2017-12
,서울특별시 서대문구 홍제동 137-6,생활방범,7,2017-12
,서울특별시 서대문구 홍제동 19-9,생활방범,4,2017-12
,서울특별시 서대문구 홍제동 104-32,생활방범,4,2017-12
,서울특별시 서대문구 홍제동 256-2,생활방범,2,2017-12
,서울특별시 서대문구 홍제동 6-23,생활방범,5,2017-12
,서울특별시 서대문구 홍제동 8-77,생활방범,4,2017-12
,서울특별시 서대문구 포방교,생활방범,6,2017-12
,서울특별시 서대문구 홍제동 8-12,생활방범,4,2017-12
,서울특별시 서대문구 홍은동 452-3,생활방범,5,2017-12
,서울특별시 서대문구 홍은동 435-10,생활방범,4,2017-12
,서울특별시 서대문구 홍은동 8-149,생활방범,4,2017-12
,서울특별시 서대문구 홍은동 11-368,생활방범,4,2017-12
,서울특별시 서대문구 홍은동 11-386,생활방범,3,2017-12
,서울특별시 서대문구 홍은동 11-351,생활방범,4,2017-12
,서울특별시 서대문구 홍은동 11-366,생활방범,4,2017-12
,서울특별시 서대문구 홍은동 277-101,생활방범,5,2017-12
,서울특별시 서대문구 홍은동 324-3,생활방범,4,2017-12
,서울특별시 서대문구 홍은동 335-60,생활방범,4,2017-12
,서울특별시 서대문구 홍은동 209-4 맞은편,생활방범,4,2017-12
,서울특별시 서대문구 홍은동 191-52 맞은편,생활방범,3,2017-12
,서울특별시 서대문구 홍은동 190-42 맞은편,생활방범,4,2017-12
,서울특별시 서대문구 홍은동 265-333 맞은편,생활방범,4,2017-12
,서울특별시 서대문구 홍은동 265-342 맞은편,생활방범,3,2017-12
,서울특별시 서대문구 홍은동 325-33 맞은편,생활방범,3,2017-12
,서울특별시 서대문구 홍은동 354-8,생활방범,4,2017-12
,서울특별시 서대문구 남가좌동 73-346,생활방범,5,2017-12
,서울특별시 서대문구 남가좌동 9-32,생활방범,3,2017-12
,서울특별시 서대문구 남가좌동 64-8,생활방범,5,2017-12
,서울특별시 서대문구 북가좌동 371-1,생활방범,4,2017-12
,서울특별시 서대문구 북가좌동 73-10,생활방범,5,2017-12
,서울특별시 서대문구 북가좌동 74-214,생활방범,4,2017-12
,서울특별시 서대문구 북가좌동 3-204,생활방범,5,2017-12
,서울특별시 서대문구 북가좌동 297-2,생활방범,4,2017-12
,서울특별시 서대문구 북가좌동 336-33,생활방범,4,2017-12
,서울특별시 서대문구 북가좌동 3-110,생활방범,4,2017-12
,서울특별시 서대문구 창천동 20-20,생활방범,2,2018-01
,서울특별시 서대문구 북아현동 154-26 맞은편,생활방범,4,2018-03
,서울특별시 서대문구 대현동 110-20,생활방범,4,2018-03
,서울특별시 서대문구 대현동 34-38 맞은편,생활방범,3,2018-03
,서울특별시 서대문구 연희동 69-1,생활방범,4,2018-03
,서울특별시 서대문구 홍제동 286-10,생활방범,3,2018-03
,서울특별시 서대문구 남가좌동 385 (모래내시장 맞은편),생활방범,4,2018-03
,서울특별시 서대문구 북가좌동 339-29,생활방범,5,2018-03
,서울특별시 서대문구 천연동 120-20,생활방범,1,2018-10
,서울특별시 서대문구 북아현동 180-22,생활방범,4,2018-10
,서울특별시 서대문구 북아현동 1-45,생활방범,5,2018-10
,서울특별시 서대문구 북아현동 113-54,생활방범,4,2018-10
,서울특별시 서대문구 대신동 143-9,생활방범,5,2018-10
,서울특별시 서대문구 창천동 511-6,생활방범,5,2018-10
,서울특별시 서대문구 창천동 100-23,생활방범,4,2018-10
,서울특별시 서대문구 창천동 4-110,생활방범,5,2018-10
,서울특별시 서대문구 연희동 339-6,생활방범,3,2018-10
,서울특별시 서대문구 연희동 344-24 맞은편,생활방범,4,2018-10
,서울특별시 서대문구 연희동 138-21 맞은편,생활방범,6,2018-10
,서울특별시 서대문구 연희동 1-64 맞은편,생활방범,4,2018-10
,서울특별시 서대문구 연희동 345-36 맞은편,생활방범,1,2018-10
,서울특별시 서대문구 연희동 437-25,생활방범,4,2018-10
,서울특별시 서대문구 홍제동 342-2,생활방범,4,2018-10
,서울특별시 서대문구 홍제동 361-14,생활방범,4,2018-10
,서울특별시 서대문구 홍제동 356-145,생활방범,5,2018-10
,서울특별시 서대문구 홍제동 420 맞은편,생활방범,4,2018-10
,서울특별시 서대문구 홍제동 260-21,생활방범,4,2018-10
,서울특별시 서대문구 홍은동 8-1554,생활방범,4,2018-10
,서울특별시 서대문구 홍은동 8-540,생활방범,4,2018-10
,서울특별시 서대문구 홍은동 11-278,생활방범,4,2018-10
,서울특별시 서대문구 홍은동 8-145 맞은편,생활방범,4,2018-10
,서울특별시 서대문구 홍은동 25-1,생활방범,6,2018-10
,서울특별시 서대문구 홍은동 50-12,생활방범,4,2018-10
,서울특별시 서대문구 홍은동 191-122 맞은편,생활방범,4,2018-10
,서울특별시 서대문구 홍은동 265-208,생활방범,4,2018-10
,서울특별시 서대문구 홍은동 277-45,생활방범,5,2018-10
,서울특별시 서대문구 남가좌동 104-11,생활방범,4,2018-10
,서울특별시 서대문구 남가좌동 345-4,생활방범,1,2018-10
,서울특별시 서대문구 남가좌동 326-32,생활방범,5,2018-10
,서울특별시 서대문구 남가좌동 335-14,생활방범,5,2018-10
,서울특별시 서대문구 북가좌동 5-217,생활방범,5,2018-10
,서울특별시 서대문구 북가좌동 5-19,생활방범,5,2018-10
,서울특별시 서대문구 북가좌동 80-131,생활방범,5,2018-10
,서울특별시 서대문구 북가좌동 324-47,생활방범,4,2018-10
,서울특별시 서대문구 북가좌동 286-14,생활방범,4,2018-10
,서울특별시 서대문구 북가좌동 281-12,생활방범,4,2018-10
,서울특별시 서대문구 북가좌동 348-9,생활방범,4,2018-10
,서울특별시 서대문구 북가좌동 286-25,생활방범,1,2018-10
,서울특별시 서대문구 북가좌동 328-1,생활방범,1,2018-10
,서울특별시 서대문구 북가좌동 276-6,생활방범,5,2018-10
,서울특별시 서대문구 북가좌2동 307-17,생활방범,1,2005-02
,서울특별시 서대문구 북가좌2동 307-21,생활방범,1,2005-02
,서울특별시 서대문구 북가좌2동 309-14,생활방범,1,2005-02
,서울특별시 서대문구 북가좌2동 312-2,생활방범,1,2005-02
,서울특별시 서대문구 북가좌2동 315-28,생활방범,1,2005-02
,서울특별시 서대문구 북가좌2동 317-20,생활방범,1,2005-02
,서울특별시 서대문구 북가좌2동 321-1,생활방범,1,2005-02
,서울특별시 서대문구 북가좌2동 312-17,생활방범,1,2005-02
,서울특별시 서대문구 북가좌2동 324-19,생활방범,1,2005-02
,서울특별시 서대문구 북가좌2동 327-10,생활방범,1,2005-02
,서울특별시 서대문구 북가좌2동 343-23,생활방범,1,2005-02
,서울특별시 서대문구 홍은2동 405-16,생활방범,1,2006-02
,서울특별시 서대문구 홍은2동 407-18,생활방범,1,2006-02
,서울특별시 서대문구 홍은2동 409-4,생활방범,1,2006-02
,서울특별시 서대문구 홍은2동 409-50,생활방범,1,2006-02
,서울특별시 서대문구 홍은2동 410-21,생활방범,1,2006-02
,서울특별시 서대문구 홍은2동 410-45,생활방범,1,2006-02
,서울특별시 서대문구 홍은2동 413-17,생활방범,1,2006-02
,서울특별시 서대문구 홍은2동 412-26,생활방범,1,2006-02
,서울특별시 서대문구 홍은2동 415-1,생활방범,1,2006-02
,서울특별시 서대문구 홍은2동 415-29,생활방범,1,2006-02
,서울특별시 서대문구 홍제1동 356-165,생활방범,1,2007-02
,서울특별시 서대문구 홍제1동 362-2,생활방범,1,2007-02
,서울특별시 서대문구 홍은2동 405-1,생활방범,1,2007-02
,서울특별시 서대문구 홍은2동 414-26,생활방범,1,2007-02
,서울특별시 서대문구 홍은2동 415-67,생활방범,1,2007-02
,서울특별시 서대문구 남가좌2동 325-43,생활방범,1,2007-02
,서울특별시 서대문구 남가좌2동 331-31,생활방범,1,2007-02
,서울특별시 서대문구 북가좌2동 317-11,생활방범,1,2007-02
,서울특별시 서대문구 옥천동 99,생활방범,2,2012-06
,서울특별시 서대문구 북가좌동 75-3,생활방범,2,2012-06
,서울특별시 서대문구 홍제1동 321-3,생활방범,2,2012-06
,서울특별시 서대문구 현저동 1-388,생활방범,2,2012-06
,서울특별시 서대문구 홍은1동 48-125,생활방범,4,2012-06
,서울특별시 서대문구 남가좌1동 289-47,생활방범,2,2012-06
,서울특별시 서대문구 연희동 434-41,생활방범,3,2012-06
,서울특별시 서대문구 북가좌2동 325-19,생활방범,2,2012-06
,서울특별시 서대문구 미근동 112,생활방범,2,2012-12
,서울특별시 서대문구 창천동 248,생활방범,2,2012-12
,서울특별시 서대문구 연희동 340-59,생활방범,2,2012-12
,서울특별시 서대문구 홍제동 178-1,생활방범,2,2012-12
,서울특별시 서대문구 홍은동 265-285,생활방범,2,2012-12
,서울특별시 서대문구 홍은동 8-525,생활방범,2,2012-12
,서울특별시 서대문구 북가좌동 372-1~383-18,생활방범,2,2012-12
,서울특별시 서대문구 북가좌동 345-30,생활방범,2,2012-12
,서울특별시 서대문구 신촌동 74-12 맞은편,교통단속,1,2007-02
,서울특별시 서대문구 대현동 37-72,교통단속,1,2007-02
,서울특별시 서대문구 대현동 56-12,교통단속,1,2007-02
,서울특별시 서대문구 대현동 101-34,교통단속,1,2007-02
,서울특별시 서대문구 창천동 4-96,교통단속,1,2007-02
,서울특별시 서대문구 충정로2가 184-13,교통단속,5,2007-12
,서울특별시 서대문구 천연동 41,교통단속,3,2007-12
,서울특별시 서대문구 북아현동 130-12,교통단속,3,2007-12
,서울특별시 서대문구 창천동 2-33,교통단속,3,2007-12
,서울특별시 서대문구 연희동 69-22,교통단속,3,2007-12
,서울특별시 서대문구 연희동 92-13,교통단속,3,2007-12
,서울특별시 서대문구 홍제3동 301-3,교통단속,3,2007-12
,서울특별시 서대문구 홍은2동 409-47,교통단속,3,2007-12
,서울특별시 서대문구 남가좌2동 347-2,교통단속,3,2007-12
,서울특별시 서대문구 북가좌2동 306-22,교통단속,3,2007-12
,서울특별시 서대문구 충정로3가 3-131,교통단속,3,2008-12
,서울특별시 서대문구 북아현동 1-254,교통단속,3,2008-12
,서울특별시 서대문구 북아현동 176-53,교통단속,3,2008-12
,서울특별시 서대문구 홍제3동 266-60,교통단속,3,2008-12
,서울특별시 서대문구 홍제3동 287-182 맞은편,교통단속,3,2008-12
,서울특별시 서대문구 홍은1동 9-88,교통단속,3,2008-12
,서울특별시 서대문구 홍은1동 11-853 맞은편,교통단속,3,2008-12
,서울특별시 서대문구 홍은2동 346-1,교통단속,1,2008-12
,서울특별시 서대문구 홍은2동 357-8,교통단속,1,2008-12
,서울특별시 서대문구 남가좌2동 339-32,교통단속,3,2008-12
,서울특별시 서대문구 북가좌2동 283-19,교통단속,1,2008-12
,서울특별시 서대문구 북가좌2동 292-13,교통단속,1,2008-12
,서울특별시 서대문구 충정로3가 22-1,교통단속,3,2009-06
,서울특별시 서대문구 창천동 13-29 (형제갈비),교통단속,4,2009-06
,서울특별시 서대문구 홍은2동 395-18,교통단속,3,2009-06
,서울특별시 서대문구 홍은2동 427-4,교통단속,3,2009-06
,서울특별시 서대문구 남가좌1동 105-29,교통단속,3,2009-06
,서울특별시 서대문구 남가좌2동 330-43,교통단속,3,2009-06
,서울특별시 서대문구 남가좌2동 74-17 맞은편,교통단속,3,2009-06
,서울특별시 서대문구 북가좌2동 278-1,교통단속,3,2009-06
,서울특별시 서대문구 남가좌2동 354-53,교통단속,1,2011-12
,서울특별시 서대문구 연희동 353-76,교통단속,1,2011-12
,서울특별시 서대문구 창천동 57-18 (창천어린이공원),교통단속,2,2011-12
,서울특별시 서대문구 냉천동 147(서대문성당),교통단속,1,2011-12
,서울특별시 서대문구 홍제동 107-2 맞은편 (인왕현대아파트 진입로),교통단속,1,2012-01
,서울특별시 서대문구 미근동 101-5 [미동초교(돈까스집)],교통단속,3,2013-12
,서울특별시 서대문구 창천동 57-66 맞은편 [창서초교(정문앞)],교통단속,6,2013-12
,서울특별시 서대문구 창천동 57-36 맞은편 [창서초교(숯불생고기)],교통단속,5,2013-12
,서울특별시 서대문구 창천동 67-13 맞은편 [창서초교(미용실)],교통단속,5,2013-12
,서울특별시 서대문구 대현동 62-1 맞은편 [신현유치원],교통단속,3,2013-12
,서울특별시 서대문구 남가좌동 3-2 [충암유치원후문],교통단속,3,2013-12
,서울특별시 서대문구 남가좌동 236-1 맞은편 [연가초교(정문앞 공원)],교통단속,4,2013-12
,서울특별시 서대문구 홍제3동 249-1 [인왕초 정문],교통단속,4,2010-12
,서울특별시 서대문구 창천동 9-26 [신촌생고기],교통단속,4,2014-02
,서울특별시 서대문구 창천동 52-18 [누들박스],교통단속,4,2014-02
,서울특별시 서대문구 창천동 13-111 [돈텐동식당],교통단속,3,2014-02
,서울특별시 서대문구 창천동 52-152 [자연담은화로],교통단속,4,2014-02
,서울특별시 서대문구 창천동 18-4 [GS25],교통단속,4,2014-02
,서울특별시 서대문구 창천동 5-8 [오시리스타워 주차장],교통단속,4,2014-02
,서울특별시 서대문구 창천동 89-26 [햇빛부동산 맞은편],교통단속,4,2014-02
,서울특별시 서대문구 창천동 52-50 [싸이버사격장],교통단속,5,2011-02
,서울특별시 서대문구 연희동 79-11 [카젠 카센터],교통단속,3,2014-02
,서울특별시 서대문구 홍제동 245-8 [인왕이발관 옆],교통단속,3,2014-02
,서울특별시 서대문구 홍은2동 273-10 (홍은2동 주민센터 앞),교통단속,3,2014-02
,서울특별시 서대문구 북가좌동 420-32 [DMC래미안e편한세상4단지 이마트앞],교통단속,3,2014-02
,서울특별시 서대문구 북가좌동 106-2 [중앙근린공원],교통단속,3,2014-02
,서울특별시 서대문구 홍제동 105-98 [인왕유치원 앞],교통단속,3,2014-08
,서울특별시 서대문구 홍제동 460 맞은편 [현대경복유치원 앞],교통단속,3,2014-08
,서울특별시 서대문구 충정로3가 360-26 맞은편 [PUB 호프집 앞],교통단속,3,2015-02
,서울특별시 서대문구 연희동 132-38 [동양공인중개사 앞],교통단속,3,2015-02
,서울특별시 서대문구 홍제동 264-8 [인왕떡집 앞],교통단속,3,2015-02
,서울특별시 서대문구 홍제동 295-35 [인왕약국 앞],교통단속,3,2015-02
,서울특별시 서대문구 홍제동 251 [세무서 앞],교통단속,4,2015-02
,서울특별시 서대문구 북가좌동 186-36 [북가좌현대아파트 102동 앞],교통단속,3,2015-02
,서울특별시 서대문구 충정로2가 74 맞은편 [인창고등학교담벼락],교통단속,3,2015-09
,서울특별시 서대문구 북아현동 215-1 [북성초등학교 체육관],교통단속,3,2015-09
,서울특별시 서대문구 연희동 89-19 [연희초 육교],교통단속,3,2015-09
,서울특별시 서대문구 홍제동 317-10 맞은편 [서울예술실용전문학교 정문],교통단속,3,2015-09
,서울특별시 서대문구 홍은동 277-66 [서대문문화체육회관 앞],교통단속,3,2015-09
,서울특별시 서대문구 북가좌동 376-18 [북가좌초 주차장],교통단속,3,2015-09
,서울특별시 서대문구 북아현동 251-99 [대신초],교통단속,3,2016-12
,서울특별시 서대문구 대신동 6-13 [이대부속유치원],교통단속,3,2016-12
,서울특별시 서대문구 연희동 80-2 [외국인학교],교통단속,3,2016-12
,서울특별시 서대문구 홍제동 25-13 [한양유치원],교통단속,3,2016-12
,서울특별시 서대문구 남가좌동 188-6 [가재울초교],교통단속,3,2016-12
,서울특별시 서대문구 남가좌동 119-41 [가재울초교],교통단속,3,2016-12
,서울특별시 서대문구 홍은동 48-16,교통단속,3,2016-12
,서울특별시 서대문구 홍은동 396-26,교통단속,3,2016-12
,서울특별시 서대문구 북가좌동 486,교통단속,3,2016-12
,서울특별시 서대문구 남가좌동 124-269,교통단속,3,2016-12
,서울특별시 서대문구 충정로3가 476 [난타공연장 앞],교통단속,3,2016-12
,서울특별시 서대문구 북아현동 221-12 [고기정육시장 앞],교통단속,3,2016-12
,서울특별시 서대문구 창천동 506-17 [뚜레쥬르 앞],교통단속,3,2016-12
,서울특별시 서대문구 미근동 165 [미근119 안전센터 앞],교통단속,4,2017-11
,서울특별시 서대문구 북아현동 136-21 [e편한세상4단지 뒤편 CU편의점],교통단속,4,2017-11
,서울특별시 서대문구 홍제동 266-151 [마을탕 앞],교통단속,3,2017-11
,서울특별시 서대문구 홍은2동 산26-170 (홍연초교 교재원),교통단속,4,2010-12
,서울특별시 서대문구 홍제3동 287-261 (홍은초 후문),교통단속,5,2010-12
,서울특별시 서대문구 북가좌동 289-4,교통단속,3,2018-01
,서울특별시 서대문구 연희동 149,교통단속,4,2018-12
,서울특별시 서대문구 홍은동 40-3 맞은편,교통단속,4,2017-12
,서울특별시 서대문구 홍은1동 48-95,교통단속,4,2011-02
,서울특별시 서대문구 냉천동 200-2 (금화초 정문),어린이보호,3,2010-12
,서울특별시 서대문구 천연동 13-30 (감리신학대 정문),어린이보호,4,2010-12
,서울특별시 서대문구 북가좌1동 401-1 (북가좌초 정문),어린이보호,4,2010-12
,서울특별시 서대문구 북가좌1동 375-12 (북가좌초 서문),어린이보호,4,2010-12
,서울특별시 서대문구 홍제1동 47-6 (안산초 정문),어린이보호,4,2010-12
,서울특별시 서대문구 홍제1동 44-580 (홍제1동 제3공영주차장),어린이보호,4,2010-12
,서울특별시 서대문구 남가좌2동 224-278 (연가초 후문),어린이보호,4,2010-12
,서울특별시 서대문구 홍은2동 산26-164  홍연초(명지초∼백련테니스),어린이보호,3,2010-12
,서울특별시 서대문구 명지학원 방향 삼거리,어린이보호,4,2010-12
,서울특별시 서대문구 홍제3동 286-25  (홍은초 정문),어린이보호,4,2010-12
,서울특별시 서대문구 고은초등학교 후문,어린이보호,4,2011-12
,서울특별시 서대문구 독립문어린이집,어린이보호,4,2011-12
,서울특별시 서대문구 금화초등학교,어린이보호,4,2011-12
,서울특별시 서대문구 신현유치원,어린이보호,4,2011-12
,서울특별시 서대문구 이대부속초등학교 정문,어린이보호,4,2011-12
,서울특별시 서대문구 이대부속초등학교 후문,어린이보호,5,2011-12
,서울특별시 서대문구 연희초등학교 정문,어린이보호,5,2011-12
,서울특별시 서대문구 연희초등학교 후문,어린이보호,3,2011-12
,서울특별시 서대문구 명지초등학교 정문,어린이보호,3,2011-12
,서울특별시 서대문구 명지고등학교 체육관,어린이보호,4,2011-12
,서울특별시 서대문구 북가좌동 316-32 (북가좌초등학교 대성반점),어린이보호,5,2011-12
,서울특별시 서대문구 홍제초교,어린이보호,5,2012-11
,서울특별시 서대문구 세브란스어린이집,어린이보호,5,2012-11
,서울특별시 서대문구 환희어린이집,어린이보호,5,2012-11
,서울특별시 서대문구 홍제성당유치원,어린이보호,4,2012-11
,서울특별시 서대문구 미동초교,어린이보호,3,2012-11
,서울특별시 서대문구 경기초교,어린이보호,3,2012-11
,서울특별시 서대문구 창서초교(편의점),어린이보호,4,2013-12
,서울특별시 서대문구 안산초교(후문안 소각장),어린이보호,3,2013-12
,서울특별시 서대문구 충암유치원정문,어린이보호,4,2013-12
,서울특별시 서대문구 세종유치원,어린이보호,4,2013-12
,서울특별시 서대문구 홍제동 300-18,어린이보호,4,2017-12
,서울특별시 서대문구 홍은동 48-100,어린이보호,3,2017-12
,서울특별시 서대문구 홍은동 305,어린이보호,3,2017-12
,"서울특별시 서대문구 홍제내길 227, 홍제동 자전거보관소",시설물관리,4,2017-11
,"서울특별시 서대문구 홍제동 266-271, 홍제천 홍제교 상류 우안(중간가압장)",재난재해,1,2017-11
,"서울특별시 서대문구 연희동 2-5,  홍제천 안산 방죽",재난재해,2,2017-11
,"서울특별시 서대문구 연희동 2-75, 홍제천 안산가압장 앞(홍제천수변공원관리사무소)",재난재해,1,2017-11
,"서울특별시 서대문구 연희동 170-185, 홍제천 전망데크 주차장 교각 및 물레방아 건너편",재난재해,2,2017-11
,"서울특별시 서대문구 연희동 519-2 , 홍제천 연가교 상류 좌안",재난재해,1,2017-11
,"서울특별시 서대문구 남가좌동 107-6, 홍제천 사천교 상류 우안",재난재해,1,2018-06
,"서울특별시 마포구 망원동 305-2, 성산대교(홍제천 하상여과시설 전기설비)",재난재해,2,2008-11
,"서울특별시 서대문구 홍은동 277-152, 홍제천 홍연2교 돌무지 (1)",재난재해,2,2018-06
,"서울특별시 서대문구 홍은동 277-152, 홍제천 홍연2교 돌무지 (2)",재난재해,2,2017-11
,"서울특별시 서대문구 연희동 2-75, 홍제천 인공폭포 상부",재난재해,2,2018-06
,"서울특별시 서대문구 홍은동 1-4, 옥천교(홍지문밑 다리)",재난재해,1,2018-06
,"서울특별시 서대문구 홍은동 9-698, 옥천암(마애좌불 인근)",재난재해,1,2018-06
,"서울특별시 서대문구 홍은동 9-699, 옥천2교(홍은초교 인근)",재난재해,1,2018-06
,"서울특별시 서대문구 홍은동 9-685, 홍은1동 주민센터 앞",재난재해,1,2018-06
,"서울특별시 서대문구 홍제동 277-82, 문화촌",재난재해,1,2018-06
,"서울특별시 서대문구 홍은동 265-437, 정원단지 입구",재난재해,1,2018-06
,"서울특별시 서대문구 불광천길 42, 불광천 해담는 다리 상류",재난재해,2,2018-06
,"서울특별시 서대문구 북가좌동 349-33, 증산3교 하류",재난재해,2,2018-06
,"서울특별시 서대문구 창천동 72-1, 현대백화점 옆 (저지대)",재난재해,1,2012-04
,"서울특별시 서대문구 북아현동 134-40, 아현역 입구 (저지대)",재난재해,1,2012-04
,"서울특별시 서대문구 홍은동 11-1, 백련산저류지 (산불)",재난재해,2,2012-04
,"서울특별시 서대문구 현저동 산5-5, 구의회 옥상 (산불)",재난재해,2,2012-04
,"서울특별시 서대문구 북아현동 1-1803, 금화터널 시설녹지내 (산불)",재난재해,2,2012-04
,"서울특별시 서대문구 연희로 248, 구청사",다목적,32,2015-01
