년,관서,주소,구,죄종,연령,범죄자수
2020,중부,서울시 중구 수표로 27,중구,살인,14미만,0
2020,중부,서울시 중구 수표로 27,중구,살인,14세,0
2020,중부,서울시 중구 수표로 27,중구,살인,15세,0
2020,중부,서울시 중구 수표로 27,중구,살인,16세,0
2020,중부,서울시 중구 수표로 27,중구,살인,17세,0
2020,중부,서울시 중구 수표로 27,중구,살인,18세,0
2020,중부,서울시 중구 수표로 27,중구,살인,19세,0
2020,중부,서울시 중구 수표로 27,중구,살인,20세,0
2020,중부,서울시 중구 수표로 27,중구,살인,21~25,1
2020,중부,서울시 중구 수표로 27,중구,살인,26~30,0
2020,중부,서울시 중구 수표로 27,중구,살인,31~35,0
2020,중부,서울시 중구 수표로 27,중구,살인,36~40,0
2020,중부,서울시 중구 수표로 27,중구,살인,41~45,0
2020,중부,서울시 중구 수표로 27,중구,살인,46~50,0
2020,중부,서울시 중구 수표로 27,중구,살인,51~55,0
2020,중부,서울시 중구 수표로 27,중구,살인,56~60,0
2020,중부,서울시 중구 수표로 27,중구,살인,61~64,0
2020,중부,서울시 중구 수표로 27,중구,살인,65~70,0
2020,중부,서울시 중구 수표로 27,중구,살인,71이상,0
2020,중부,서울시 중구 수표로 27,중구,살인,미상,0
2020,중부,서울시 중구 수표로 27,중구,폭력,14미만,0
2020,중부,서울시 중구 수표로 27,중구,폭력,14세,0
2020,중부,서울시 중구 수표로 27,중구,폭력,15세,4
2020,중부,서울시 중구 수표로 27,중구,폭력,16세,2
2020,중부,서울시 중구 수표로 27,중구,폭력,17세,2
2020,중부,서울시 중구 수표로 27,중구,폭력,18세,6
2020,중부,서울시 중구 수표로 27,중구,폭력,19세,7
2020,중부,서울시 중구 수표로 27,중구,폭력,20세,7
2020,중부,서울시 중구 수표로 27,중구,폭력,21~25,101
2020,중부,서울시 중구 수표로 27,중구,폭력,26~30,96
2020,중부,서울시 중구 수표로 27,중구,폭력,31~35,96
2020,중부,서울시 중구 수표로 27,중구,폭력,36~40,120
2020,중부,서울시 중구 수표로 27,중구,폭력,41~45,122
2020,중부,서울시 중구 수표로 27,중구,폭력,46~50,154
2020,중부,서울시 중구 수표로 27,중구,폭력,51~55,161
2020,중부,서울시 중구 수표로 27,중구,폭력,56~60,170
2020,중부,서울시 중구 수표로 27,중구,폭력,61~64,70
2020,중부,서울시 중구 수표로 27,중구,폭력,65~70,61
2020,중부,서울시 중구 수표로 27,중구,폭력,71이상,61
2020,중부,서울시 중구 수표로 27,중구,폭력,미상,40
2020,종로,서울시 종로구 율곡로 46,종로구,살인,14미만,0
2020,종로,서울시 종로구 율곡로 46,종로구,살인,14세,0
2020,종로,서울시 종로구 율곡로 46,종로구,살인,15세,0
2020,종로,서울시 종로구 율곡로 46,종로구,살인,16세,0
2020,종로,서울시 종로구 율곡로 46,종로구,살인,17세,0
2020,종로,서울시 종로구 율곡로 46,종로구,살인,18세,0
2020,종로,서울시 종로구 율곡로 46,종로구,살인,19세,0
2020,종로,서울시 종로구 율곡로 46,종로구,살인,20세,0
2020,종로,서울시 종로구 율곡로 46,종로구,살인,21~25,0
2020,종로,서울시 종로구 율곡로 46,종로구,살인,26~30,1
2020,종로,서울시 종로구 율곡로 46,종로구,살인,31~35,0
2020,종로,서울시 종로구 율곡로 46,종로구,살인,36~40,0
2020,종로,서울시 종로구 율곡로 46,종로구,살인,41~45,0
2020,종로,서울시 종로구 율곡로 46,종로구,살인,46~50,1
2020,종로,서울시 종로구 율곡로 46,종로구,살인,51~55,0
2020,종로,서울시 종로구 율곡로 46,종로구,살인,56~60,0
2020,종로,서울시 종로구 율곡로 46,종로구,살인,61~64,0
2020,종로,서울시 종로구 율곡로 46,종로구,살인,65~70,0
2020,종로,서울시 종로구 율곡로 46,종로구,살인,71이상,0
2020,종로,서울시 종로구 율곡로 46,종로구,살인,미상,0
2020,종로,서울시 종로구 율곡로 46,종로구,폭력,14미만,0
2020,종로,서울시 종로구 율곡로 46,종로구,폭력,14세,2
2020,종로,서울시 종로구 율곡로 46,종로구,폭력,15세,2
2020,종로,서울시 종로구 율곡로 46,종로구,폭력,16세,1
2020,종로,서울시 종로구 율곡로 46,종로구,폭력,17세,0
2020,종로,서울시 종로구 율곡로 46,종로구,폭력,18세,6
2020,종로,서울시 종로구 율곡로 46,종로구,폭력,19세,8
2020,종로,서울시 종로구 율곡로 46,종로구,폭력,20세,4
2020,종로,서울시 종로구 율곡로 46,종로구,폭력,21~25,76
2020,종로,서울시 종로구 율곡로 46,종로구,폭력,26~30,122
2020,종로,서울시 종로구 율곡로 46,종로구,폭력,31~35,87
2020,종로,서울시 종로구 율곡로 46,종로구,폭력,36~40,119
2020,종로,서울시 종로구 율곡로 46,종로구,폭력,41~45,146
2020,종로,서울시 종로구 율곡로 46,종로구,폭력,46~50,177
2020,종로,서울시 종로구 율곡로 46,종로구,폭력,51~55,166
2020,종로,서울시 종로구 율곡로 46,종로구,폭력,56~60,190
2020,종로,서울시 종로구 율곡로 46,종로구,폭력,61~64,114
2020,종로,서울시 종로구 율곡로 46,종로구,폭력,65~70,78
2020,종로,서울시 종로구 율곡로 46,종로구,폭력,71이상,107
2020,종로,서울시 종로구 율곡로 46,종로구,폭력,미상,51
2020,남대문,서울시 중구 한강대로 410,중구,살인,14미만,0
2020,남대문,서울시 중구 한강대로 410,중구,살인,14세,0
2020,남대문,서울시 중구 한강대로 410,중구,살인,15세,0
2020,남대문,서울시 중구 한강대로 410,중구,살인,16세,0
2020,남대문,서울시 중구 한강대로 410,중구,살인,17세,0
2020,남대문,서울시 중구 한강대로 410,중구,살인,18세,0
2020,남대문,서울시 중구 한강대로 410,중구,살인,19세,0
2020,남대문,서울시 중구 한강대로 410,중구,살인,20세,0
2020,남대문,서울시 중구 한강대로 410,중구,살인,21~25,0
2020,남대문,서울시 중구 한강대로 410,중구,살인,26~30,0
2020,남대문,서울시 중구 한강대로 410,중구,살인,31~35,0
2020,남대문,서울시 중구 한강대로 410,중구,살인,36~40,0
2020,남대문,서울시 중구 한강대로 410,중구,살인,41~45,0
2020,남대문,서울시 중구 한강대로 410,중구,살인,46~50,0
2020,남대문,서울시 중구 한강대로 410,중구,살인,51~55,0
2020,남대문,서울시 중구 한강대로 410,중구,살인,56~60,0
2020,남대문,서울시 중구 한강대로 410,중구,살인,61~64,0
2020,남대문,서울시 중구 한강대로 410,중구,살인,65~70,0
2020,남대문,서울시 중구 한강대로 410,중구,살인,71이상,0
2020,남대문,서울시 중구 한강대로 410,중구,살인,미상,0
2020,남대문,서울시 중구 한강대로 410,중구,폭력,14미만,0
2020,남대문,서울시 중구 한강대로 410,중구,폭력,14세,0
2020,남대문,서울시 중구 한강대로 410,중구,폭력,15세,0
2020,남대문,서울시 중구 한강대로 410,중구,폭력,16세,0
2020,남대문,서울시 중구 한강대로 410,중구,폭력,17세,0
2020,남대문,서울시 중구 한강대로 410,중구,폭력,18세,1
2020,남대문,서울시 중구 한강대로 410,중구,폭력,19세,3
2020,남대문,서울시 중구 한강대로 410,중구,폭력,20세,3
2020,남대문,서울시 중구 한강대로 410,중구,폭력,21~25,22
2020,남대문,서울시 중구 한강대로 410,중구,폭력,26~30,64
2020,남대문,서울시 중구 한강대로 410,중구,폭력,31~35,65
2020,남대문,서울시 중구 한강대로 410,중구,폭력,36~40,97
2020,남대문,서울시 중구 한강대로 410,중구,폭력,41~45,89
2020,남대문,서울시 중구 한강대로 410,중구,폭력,46~50,174
2020,남대문,서울시 중구 한강대로 410,중구,폭력,51~55,131
2020,남대문,서울시 중구 한강대로 410,중구,폭력,56~60,130
2020,남대문,서울시 중구 한강대로 410,중구,폭력,61~64,67
2020,남대문,서울시 중구 한강대로 410,중구,폭력,65~70,46
2020,남대문,서울시 중구 한강대로 410,중구,폭력,71이상,54
2020,남대문,서울시 중구 한강대로 410,중구,폭력,미상,49
2020,서대문,서울 서대문구 통일로 113,서대문구,살인,14미만,0
2020,서대문,서울 서대문구 통일로 113,서대문구,살인,14세,0
2020,서대문,서울 서대문구 통일로 113,서대문구,살인,15세,0
2020,서대문,서울 서대문구 통일로 113,서대문구,살인,16세,0
2020,서대문,서울 서대문구 통일로 113,서대문구,살인,17세,0
2020,서대문,서울 서대문구 통일로 113,서대문구,살인,18세,0
2020,서대문,서울 서대문구 통일로 113,서대문구,살인,19세,0
2020,서대문,서울 서대문구 통일로 113,서대문구,살인,20세,0
2020,서대문,서울 서대문구 통일로 113,서대문구,살인,21~25,0
2020,서대문,서울 서대문구 통일로 113,서대문구,살인,26~30,0
2020,서대문,서울 서대문구 통일로 113,서대문구,살인,31~35,0
2020,서대문,서울 서대문구 통일로 113,서대문구,살인,36~40,1
2020,서대문,서울 서대문구 통일로 113,서대문구,살인,41~45,0
2020,서대문,서울 서대문구 통일로 113,서대문구,살인,46~50,0
2020,서대문,서울 서대문구 통일로 113,서대문구,살인,51~55,0
2020,서대문,서울 서대문구 통일로 113,서대문구,살인,56~60,0
2020,서대문,서울 서대문구 통일로 113,서대문구,살인,61~64,0
2020,서대문,서울 서대문구 통일로 113,서대문구,살인,65~70,0
2020,서대문,서울 서대문구 통일로 113,서대문구,살인,71이상,0
2020,서대문,서울 서대문구 통일로 113,서대문구,살인,미상,0
2020,서대문,서울 서대문구 통일로 113,서대문구,폭력,14미만,0
2020,서대문,서울 서대문구 통일로 113,서대문구,폭력,14세,7
2020,서대문,서울 서대문구 통일로 113,서대문구,폭력,15세,11
2020,서대문,서울 서대문구 통일로 113,서대문구,폭력,16세,16
2020,서대문,서울 서대문구 통일로 113,서대문구,폭력,17세,17
2020,서대문,서울 서대문구 통일로 113,서대문구,폭력,18세,29
2020,서대문,서울 서대문구 통일로 113,서대문구,폭력,19세,29
2020,서대문,서울 서대문구 통일로 113,서대문구,폭력,20세,28
2020,서대문,서울 서대문구 통일로 113,서대문구,폭력,21~25,166
2020,서대문,서울 서대문구 통일로 113,서대문구,폭력,26~30,136
2020,서대문,서울 서대문구 통일로 113,서대문구,폭력,31~35,92
2020,서대문,서울 서대문구 통일로 113,서대문구,폭력,36~40,141
2020,서대문,서울 서대문구 통일로 113,서대문구,폭력,41~45,139
2020,서대문,서울 서대문구 통일로 113,서대문구,폭력,46~50,197
2020,서대문,서울 서대문구 통일로 113,서대문구,폭력,51~55,180
2020,서대문,서울 서대문구 통일로 113,서대문구,폭력,56~60,210
2020,서대문,서울 서대문구 통일로 113,서대문구,폭력,61~64,113
2020,서대문,서울 서대문구 통일로 113,서대문구,폭력,65~70,79
2020,서대문,서울 서대문구 통일로 113,서대문구,폭력,71이상,89
2020,서대문,서울 서대문구 통일로 113,서대문구,폭력,미상,49
2020,혜화,서울시 종로구 창경궁로 112-16,종로구,살인,14미만,0
2020,혜화,서울시 종로구 창경궁로 112-16,종로구,살인,14세,0
2020,혜화,서울시 종로구 창경궁로 112-16,종로구,살인,15세,0
2020,혜화,서울시 종로구 창경궁로 112-16,종로구,살인,16세,0
2020,혜화,서울시 종로구 창경궁로 112-16,종로구,살인,17세,0
2020,혜화,서울시 종로구 창경궁로 112-16,종로구,살인,18세,0
2020,혜화,서울시 종로구 창경궁로 112-16,종로구,살인,19세,0
2020,혜화,서울시 종로구 창경궁로 112-16,종로구,살인,20세,0
2020,혜화,서울시 종로구 창경궁로 112-16,종로구,살인,21~25,1
2020,혜화,서울시 종로구 창경궁로 112-16,종로구,살인,26~30,0
2020,혜화,서울시 종로구 창경궁로 112-16,종로구,살인,31~35,0
2020,혜화,서울시 종로구 창경궁로 112-16,종로구,살인,36~40,0
2020,혜화,서울시 종로구 창경궁로 112-16,종로구,살인,41~45,0
2020,혜화,서울시 종로구 창경궁로 112-16,종로구,살인,46~50,0
2020,혜화,서울시 종로구 창경궁로 112-16,종로구,살인,51~55,0
2020,혜화,서울시 종로구 창경궁로 112-16,종로구,살인,56~60,0
2020,혜화,서울시 종로구 창경궁로 112-16,종로구,살인,61~64,0
2020,혜화,서울시 종로구 창경궁로 112-16,종로구,살인,65~70,0
2020,혜화,서울시 종로구 창경궁로 112-16,종로구,살인,71이상,0
2020,혜화,서울시 종로구 창경궁로 112-16,종로구,살인,미상,0
2020,혜화,서울시 종로구 창경궁로 112-16,종로구,폭력,14미만,0
2020,혜화,서울시 종로구 창경궁로 112-16,종로구,폭력,14세,0
2020,혜화,서울시 종로구 창경궁로 112-16,종로구,폭력,15세,1
2020,혜화,서울시 종로구 창경궁로 112-16,종로구,폭력,16세,4
2020,혜화,서울시 종로구 창경궁로 112-16,종로구,폭력,17세,3
2020,혜화,서울시 종로구 창경궁로 112-16,종로구,폭력,18세,4
2020,혜화,서울시 종로구 창경궁로 112-16,종로구,폭력,19세,8
2020,혜화,서울시 종로구 창경궁로 112-16,종로구,폭력,20세,1
2020,혜화,서울시 종로구 창경궁로 112-16,종로구,폭력,21~25,43
2020,혜화,서울시 종로구 창경궁로 112-16,종로구,폭력,26~30,71
2020,혜화,서울시 종로구 창경궁로 112-16,종로구,폭력,31~35,60
2020,혜화,서울시 종로구 창경궁로 112-16,종로구,폭력,36~40,77
2020,혜화,서울시 종로구 창경궁로 112-16,종로구,폭력,41~45,75
2020,혜화,서울시 종로구 창경궁로 112-16,종로구,폭력,46~50,107
2020,혜화,서울시 종로구 창경궁로 112-16,종로구,폭력,51~55,128
2020,혜화,서울시 종로구 창경궁로 112-16,종로구,폭력,56~60,145
2020,혜화,서울시 종로구 창경궁로 112-16,종로구,폭력,61~64,83
2020,혜화,서울시 종로구 창경궁로 112-16,종로구,폭력,65~70,54
2020,혜화,서울시 종로구 창경궁로 112-16,종로구,폭력,71이상,53
2020,혜화,서울시 종로구 창경궁로 112-16,종로구,폭력,미상,18
2020,용산,서울시 용산구 원효로89길 24,용산구,살인,14미만,0
2020,용산,서울시 용산구 원효로89길 24,용산구,살인,14세,0
2020,용산,서울시 용산구 원효로89길 24,용산구,살인,15세,0
2020,용산,서울시 용산구 원효로89길 24,용산구,살인,16세,0
2020,용산,서울시 용산구 원효로89길 24,용산구,살인,17세,0
2020,용산,서울시 용산구 원효로89길 24,용산구,살인,18세,0
2020,용산,서울시 용산구 원효로89길 24,용산구,살인,19세,0
2020,용산,서울시 용산구 원효로89길 24,용산구,살인,20세,0
2020,용산,서울시 용산구 원효로89길 24,용산구,살인,21~25,1
2020,용산,서울시 용산구 원효로89길 24,용산구,살인,26~30,1
2020,용산,서울시 용산구 원효로89길 24,용산구,살인,31~35,0
2020,용산,서울시 용산구 원효로89길 24,용산구,살인,36~40,0
2020,용산,서울시 용산구 원효로89길 24,용산구,살인,41~45,0
2020,용산,서울시 용산구 원효로89길 24,용산구,살인,46~50,0
2020,용산,서울시 용산구 원효로89길 24,용산구,살인,51~55,0
2020,용산,서울시 용산구 원효로89길 24,용산구,살인,56~60,1
2020,용산,서울시 용산구 원효로89길 24,용산구,살인,61~64,0
2020,용산,서울시 용산구 원효로89길 24,용산구,살인,65~70,0
2020,용산,서울시 용산구 원효로89길 24,용산구,살인,71이상,0
2020,용산,서울시 용산구 원효로89길 24,용산구,살인,미상,0
2020,용산,서울시 용산구 원효로89길 24,용산구,폭력,14미만,0
2020,용산,서울시 용산구 원효로89길 24,용산구,폭력,14세,1
2020,용산,서울시 용산구 원효로89길 24,용산구,폭력,15세,4
2020,용산,서울시 용산구 원효로89길 24,용산구,폭력,16세,12
2020,용산,서울시 용산구 원효로89길 24,용산구,폭력,17세,3
2020,용산,서울시 용산구 원효로89길 24,용산구,폭력,18세,10
2020,용산,서울시 용산구 원효로89길 24,용산구,폭력,19세,23
2020,용산,서울시 용산구 원효로89길 24,용산구,폭력,20세,20
2020,용산,서울시 용산구 원효로89길 24,용산구,폭력,21~25,289
2020,용산,서울시 용산구 원효로89길 24,용산구,폭력,26~30,365
2020,용산,서울시 용산구 원효로89길 24,용산구,폭력,31~35,272
2020,용산,서울시 용산구 원효로89길 24,용산구,폭력,36~40,290
2020,용산,서울시 용산구 원효로89길 24,용산구,폭력,41~45,232
2020,용산,서울시 용산구 원효로89길 24,용산구,폭력,46~50,255
2020,용산,서울시 용산구 원효로89길 24,용산구,폭력,51~55,207
2020,용산,서울시 용산구 원효로89길 24,용산구,폭력,56~60,175
2020,용산,서울시 용산구 원효로89길 24,용산구,폭력,61~64,91
2020,용산,서울시 용산구 원효로89길 24,용산구,폭력,65~70,57
2020,용산,서울시 용산구 원효로89길 24,용산구,폭력,71이상,80
2020,용산,서울시 용산구 원효로89길 24,용산구,폭력,미상,46
2020,성북,서울 성북구 보문로 170,성북구,살인,14미만,0
2020,성북,서울 성북구 보문로 170,성북구,살인,14세,0
2020,성북,서울 성북구 보문로 170,성북구,살인,15세,0
2020,성북,서울 성북구 보문로 170,성북구,살인,16세,0
2020,성북,서울 성북구 보문로 170,성북구,살인,17세,0
2020,성북,서울 성북구 보문로 170,성북구,살인,18세,0
2020,성북,서울 성북구 보문로 170,성북구,살인,19세,0
2020,성북,서울 성북구 보문로 170,성북구,살인,20세,0
2020,성북,서울 성북구 보문로 170,성북구,살인,21~25,1
2020,성북,서울 성북구 보문로 170,성북구,살인,26~30,1
2020,성북,서울 성북구 보문로 170,성북구,살인,31~35,0
2020,성북,서울 성북구 보문로 170,성북구,살인,36~40,0
2020,성북,서울 성북구 보문로 170,성북구,살인,41~45,0
2020,성북,서울 성북구 보문로 170,성북구,살인,46~50,0
2020,성북,서울 성북구 보문로 170,성북구,살인,51~55,0
2020,성북,서울 성북구 보문로 170,성북구,살인,56~60,0
2020,성북,서울 성북구 보문로 170,성북구,살인,61~64,0
2020,성북,서울 성북구 보문로 170,성북구,살인,65~70,0
2020,성북,서울 성북구 보문로 170,성북구,살인,71이상,1
2020,성북,서울 성북구 보문로 170,성북구,살인,미상,0
2020,성북,서울 성북구 보문로 170,성북구,폭력,14미만,0
2020,성북,서울 성북구 보문로 170,성북구,폭력,14세,5
2020,성북,서울 성북구 보문로 170,성북구,폭력,15세,12
2020,성북,서울 성북구 보문로 170,성북구,폭력,16세,12
2020,성북,서울 성북구 보문로 170,성북구,폭력,17세,13
2020,성북,서울 성북구 보문로 170,성북구,폭력,18세,24
2020,성북,서울 성북구 보문로 170,성북구,폭력,19세,27
2020,성북,서울 성북구 보문로 170,성북구,폭력,20세,18
2020,성북,서울 성북구 보문로 170,성북구,폭력,21~25,64
2020,성북,서울 성북구 보문로 170,성북구,폭력,26~30,62
2020,성북,서울 성북구 보문로 170,성북구,폭력,31~35,58
2020,성북,서울 성북구 보문로 170,성북구,폭력,36~40,81
2020,성북,서울 성북구 보문로 170,성북구,폭력,41~45,85
2020,성북,서울 성북구 보문로 170,성북구,폭력,46~50,110
2020,성북,서울 성북구 보문로 170,성북구,폭력,51~55,78
2020,성북,서울 성북구 보문로 170,성북구,폭력,56~60,75
2020,성북,서울 성북구 보문로 170,성북구,폭력,61~64,56
2020,성북,서울 성북구 보문로 170,성북구,폭력,65~70,51
2020,성북,서울 성북구 보문로 170,성북구,폭력,71이상,54
2020,성북,서울 성북구 보문로 170,성북구,폭력,미상,19
2020,동대문,서울시 동대문구 약령시로21길 29,동대문구,살인,14미만,0
2020,동대문,서울시 동대문구 약령시로21길 29,동대문구,살인,14세,0
2020,동대문,서울시 동대문구 약령시로21길 29,동대문구,살인,15세,0
2020,동대문,서울시 동대문구 약령시로21길 29,동대문구,살인,16세,0
2020,동대문,서울시 동대문구 약령시로21길 29,동대문구,살인,17세,0
2020,동대문,서울시 동대문구 약령시로21길 29,동대문구,살인,18세,0
2020,동대문,서울시 동대문구 약령시로21길 29,동대문구,살인,19세,0
2020,동대문,서울시 동대문구 약령시로21길 29,동대문구,살인,20세,0
2020,동대문,서울시 동대문구 약령시로21길 29,동대문구,살인,21~25,0
2020,동대문,서울시 동대문구 약령시로21길 29,동대문구,살인,26~30,0
2020,동대문,서울시 동대문구 약령시로21길 29,동대문구,살인,31~35,1
2020,동대문,서울시 동대문구 약령시로21길 29,동대문구,살인,36~40,0
2020,동대문,서울시 동대문구 약령시로21길 29,동대문구,살인,41~45,0
2020,동대문,서울시 동대문구 약령시로21길 29,동대문구,살인,46~50,2
2020,동대문,서울시 동대문구 약령시로21길 29,동대문구,살인,51~55,1
2020,동대문,서울시 동대문구 약령시로21길 29,동대문구,살인,56~60,1
2020,동대문,서울시 동대문구 약령시로21길 29,동대문구,살인,61~64,0
2020,동대문,서울시 동대문구 약령시로21길 29,동대문구,살인,65~70,0
2020,동대문,서울시 동대문구 약령시로21길 29,동대문구,살인,71이상,1
2020,동대문,서울시 동대문구 약령시로21길 29,동대문구,살인,미상,0
2020,동대문,서울시 동대문구 약령시로21길 29,동대문구,폭력,14미만,0
2020,동대문,서울시 동대문구 약령시로21길 29,동대문구,폭력,14세,21
2020,동대문,서울시 동대문구 약령시로21길 29,동대문구,폭력,15세,23
2020,동대문,서울시 동대문구 약령시로21길 29,동대문구,폭력,16세,16
2020,동대문,서울시 동대문구 약령시로21길 29,동대문구,폭력,17세,21
2020,동대문,서울시 동대문구 약령시로21길 29,동대문구,폭력,18세,40
2020,동대문,서울시 동대문구 약령시로21길 29,동대문구,폭력,19세,33
2020,동대문,서울시 동대문구 약령시로21길 29,동대문구,폭력,20세,37
2020,동대문,서울시 동대문구 약령시로21길 29,동대문구,폭력,21~25,167
2020,동대문,서울시 동대문구 약령시로21길 29,동대문구,폭력,26~30,170
2020,동대문,서울시 동대문구 약령시로21길 29,동대문구,폭력,31~35,173
2020,동대문,서울시 동대문구 약령시로21길 29,동대문구,폭력,36~40,216
2020,동대문,서울시 동대문구 약령시로21길 29,동대문구,폭력,41~45,206
2020,동대문,서울시 동대문구 약령시로21길 29,동대문구,폭력,46~50,293
2020,동대문,서울시 동대문구 약령시로21길 29,동대문구,폭력,51~55,275
2020,동대문,서울시 동대문구 약령시로21길 29,동대문구,폭력,56~60,314
2020,동대문,서울시 동대문구 약령시로21길 29,동대문구,폭력,61~64,192
2020,동대문,서울시 동대문구 약령시로21길 29,동대문구,폭력,65~70,145
2020,동대문,서울시 동대문구 약령시로21길 29,동대문구,폭력,71이상,116
2020,동대문,서울시 동대문구 약령시로21길 29,동대문구,폭력,미상,39
2020,마포,서울시 마포구 마포대로 183,마포구,살인,14미만,0
2020,마포,서울시 마포구 마포대로 183,마포구,살인,14세,0
2020,마포,서울시 마포구 마포대로 183,마포구,살인,15세,0
2020,마포,서울시 마포구 마포대로 183,마포구,살인,16세,0
2020,마포,서울시 마포구 마포대로 183,마포구,살인,17세,0
2020,마포,서울시 마포구 마포대로 183,마포구,살인,18세,0
2020,마포,서울시 마포구 마포대로 183,마포구,살인,19세,0
2020,마포,서울시 마포구 마포대로 183,마포구,살인,20세,0
2020,마포,서울시 마포구 마포대로 183,마포구,살인,21~25,0
2020,마포,서울시 마포구 마포대로 183,마포구,살인,26~30,0
2020,마포,서울시 마포구 마포대로 183,마포구,살인,31~35,0
2020,마포,서울시 마포구 마포대로 183,마포구,살인,36~40,0
2020,마포,서울시 마포구 마포대로 183,마포구,살인,41~45,0
2020,마포,서울시 마포구 마포대로 183,마포구,살인,46~50,0
2020,마포,서울시 마포구 마포대로 183,마포구,살인,51~55,0
2020,마포,서울시 마포구 마포대로 183,마포구,살인,56~60,0
2020,마포,서울시 마포구 마포대로 183,마포구,살인,61~64,0
2020,마포,서울시 마포구 마포대로 183,마포구,살인,65~70,0
2020,마포,서울시 마포구 마포대로 183,마포구,살인,71이상,0
2020,마포,서울시 마포구 마포대로 183,마포구,살인,미상,2
2020,마포,서울시 마포구 마포대로 183,마포구,폭력,14미만,0
2020,마포,서울시 마포구 마포대로 183,마포구,폭력,14세,10
2020,마포,서울시 마포구 마포대로 183,마포구,폭력,15세,5
2020,마포,서울시 마포구 마포대로 183,마포구,폭력,16세,18
2020,마포,서울시 마포구 마포대로 183,마포구,폭력,17세,8
2020,마포,서울시 마포구 마포대로 183,마포구,폭력,18세,52
2020,마포,서울시 마포구 마포대로 183,마포구,폭력,19세,61
2020,마포,서울시 마포구 마포대로 183,마포구,폭력,20세,81
2020,마포,서울시 마포구 마포대로 183,마포구,폭력,21~25,438
2020,마포,서울시 마포구 마포대로 183,마포구,폭력,26~30,336
2020,마포,서울시 마포구 마포대로 183,마포구,폭력,31~35,220
2020,마포,서울시 마포구 마포대로 183,마포구,폭력,36~40,218
2020,마포,서울시 마포구 마포대로 183,마포구,폭력,41~45,173
2020,마포,서울시 마포구 마포대로 183,마포구,폭력,46~50,240
2020,마포,서울시 마포구 마포대로 183,마포구,폭력,51~55,194
2020,마포,서울시 마포구 마포대로 183,마포구,폭력,56~60,172
2020,마포,서울시 마포구 마포대로 183,마포구,폭력,61~64,103
2020,마포,서울시 마포구 마포대로 183,마포구,폭력,65~70,93
2020,마포,서울시 마포구 마포대로 183,마포구,폭력,71이상,87
2020,마포,서울시 마포구 마포대로 183,마포구,폭력,미상,43
2020,영등포,서울시 영등포구 국회대로 608,영등포구,살인,14미만,0
2020,영등포,서울시 영등포구 국회대로 608,영등포구,살인,14세,0
2020,영등포,서울시 영등포구 국회대로 608,영등포구,살인,15세,0
2020,영등포,서울시 영등포구 국회대로 608,영등포구,살인,16세,0
2020,영등포,서울시 영등포구 국회대로 608,영등포구,살인,17세,0
2020,영등포,서울시 영등포구 국회대로 608,영등포구,살인,18세,0
2020,영등포,서울시 영등포구 국회대로 608,영등포구,살인,19세,0
2020,영등포,서울시 영등포구 국회대로 608,영등포구,살인,20세,0
2020,영등포,서울시 영등포구 국회대로 608,영등포구,살인,21~25,0
2020,영등포,서울시 영등포구 국회대로 608,영등포구,살인,26~30,0
2020,영등포,서울시 영등포구 국회대로 608,영등포구,살인,31~35,2
2020,영등포,서울시 영등포구 국회대로 608,영등포구,살인,36~40,1
2020,영등포,서울시 영등포구 국회대로 608,영등포구,살인,41~45,4
2020,영등포,서울시 영등포구 국회대로 608,영등포구,살인,46~50,1
2020,영등포,서울시 영등포구 국회대로 608,영등포구,살인,51~55,2
2020,영등포,서울시 영등포구 국회대로 608,영등포구,살인,56~60,0
2020,영등포,서울시 영등포구 국회대로 608,영등포구,살인,61~64,1
2020,영등포,서울시 영등포구 국회대로 608,영등포구,살인,65~70,0
2020,영등포,서울시 영등포구 국회대로 608,영등포구,살인,71이상,1
2020,영등포,서울시 영등포구 국회대로 608,영등포구,살인,미상,0
2020,영등포,서울시 영등포구 국회대로 608,영등포구,폭력,14미만,1
2020,영등포,서울시 영등포구 국회대로 608,영등포구,폭력,14세,25
2020,영등포,서울시 영등포구 국회대로 608,영등포구,폭력,15세,37
2020,영등포,서울시 영등포구 국회대로 608,영등포구,폭력,16세,29
2020,영등포,서울시 영등포구 국회대로 608,영등포구,폭력,17세,27
2020,영등포,서울시 영등포구 국회대로 608,영등포구,폭력,18세,26
2020,영등포,서울시 영등포구 국회대로 608,영등포구,폭력,19세,32
2020,영등포,서울시 영등포구 국회대로 608,영등포구,폭력,20세,34
2020,영등포,서울시 영등포구 국회대로 608,영등포구,폭력,21~25,173
2020,영등포,서울시 영등포구 국회대로 608,영등포구,폭력,26~30,285
2020,영등포,서울시 영등포구 국회대로 608,영등포구,폭력,31~35,342
2020,영등포,서울시 영등포구 국회대로 608,영등포구,폭력,36~40,341
2020,영등포,서울시 영등포구 국회대로 608,영등포구,폭력,41~45,299
2020,영등포,서울시 영등포구 국회대로 608,영등포구,폭력,46~50,410
2020,영등포,서울시 영등포구 국회대로 608,영등포구,폭력,51~55,417
2020,영등포,서울시 영등포구 국회대로 608,영등포구,폭력,56~60,398
2020,영등포,서울시 영등포구 국회대로 608,영등포구,폭력,61~64,187
2020,영등포,서울시 영등포구 국회대로 608,영등포구,폭력,65~70,185
2020,영등포,서울시 영등포구 국회대로 608,영등포구,폭력,71이상,150
2020,영등포,서울시 영등포구 국회대로 608,영등포구,폭력,미상,75
2020,성동,서울시 성동구 왕십리광장로 9,성동구,살인,14미만,0
2020,성동,서울시 성동구 왕십리광장로 9,성동구,살인,14세,0
2020,성동,서울시 성동구 왕십리광장로 9,성동구,살인,15세,0
2020,성동,서울시 성동구 왕십리광장로 9,성동구,살인,16세,0
2020,성동,서울시 성동구 왕십리광장로 9,성동구,살인,17세,0
2020,성동,서울시 성동구 왕십리광장로 9,성동구,살인,18세,0
2020,성동,서울시 성동구 왕십리광장로 9,성동구,살인,19세,0
2020,성동,서울시 성동구 왕십리광장로 9,성동구,살인,20세,0
2020,성동,서울시 성동구 왕십리광장로 9,성동구,살인,21~25,0
2020,성동,서울시 성동구 왕십리광장로 9,성동구,살인,26~30,0
2020,성동,서울시 성동구 왕십리광장로 9,성동구,살인,31~35,0
2020,성동,서울시 성동구 왕십리광장로 9,성동구,살인,36~40,2
2020,성동,서울시 성동구 왕십리광장로 9,성동구,살인,41~45,0
2020,성동,서울시 성동구 왕십리광장로 9,성동구,살인,46~50,1
2020,성동,서울시 성동구 왕십리광장로 9,성동구,살인,51~55,0
2020,성동,서울시 성동구 왕십리광장로 9,성동구,살인,56~60,1
2020,성동,서울시 성동구 왕십리광장로 9,성동구,살인,61~64,0
2020,성동,서울시 성동구 왕십리광장로 9,성동구,살인,65~70,1
2020,성동,서울시 성동구 왕십리광장로 9,성동구,살인,71이상,0
2020,성동,서울시 성동구 왕십리광장로 9,성동구,살인,미상,0
2020,성동,서울시 성동구 왕십리광장로 9,성동구,폭력,14미만,0
2020,성동,서울시 성동구 왕십리광장로 9,성동구,폭력,14세,13
2020,성동,서울시 성동구 왕십리광장로 9,성동구,폭력,15세,11
2020,성동,서울시 성동구 왕십리광장로 9,성동구,폭력,16세,7
2020,성동,서울시 성동구 왕십리광장로 9,성동구,폭력,17세,9
2020,성동,서울시 성동구 왕십리광장로 9,성동구,폭력,18세,7
2020,성동,서울시 성동구 왕십리광장로 9,성동구,폭력,19세,21
2020,성동,서울시 성동구 왕십리광장로 9,성동구,폭력,20세,12
2020,성동,서울시 성동구 왕십리광장로 9,성동구,폭력,21~25,137
2020,성동,서울시 성동구 왕십리광장로 9,성동구,폭력,26~30,139
2020,성동,서울시 성동구 왕십리광장로 9,성동구,폭력,31~35,117
2020,성동,서울시 성동구 왕십리광장로 9,성동구,폭력,36~40,194
2020,성동,서울시 성동구 왕십리광장로 9,성동구,폭력,41~45,171
2020,성동,서울시 성동구 왕십리광장로 9,성동구,폭력,46~50,185
2020,성동,서울시 성동구 왕십리광장로 9,성동구,폭력,51~55,194
2020,성동,서울시 성동구 왕십리광장로 9,성동구,폭력,56~60,172
2020,성동,서울시 성동구 왕십리광장로 9,성동구,폭력,61~64,92
2020,성동,서울시 성동구 왕십리광장로 9,성동구,폭력,65~70,40
2020,성동,서울시 성동구 왕십리광장로 9,성동구,폭력,71이상,57
2020,성동,서울시 성동구 왕십리광장로 9,성동구,폭력,미상,21
2020,동작,서울시 동작구 노량진로 148,동작구,살인,14미만,0
2020,동작,서울시 동작구 노량진로 148,동작구,살인,14세,0
2020,동작,서울시 동작구 노량진로 148,동작구,살인,15세,0
2020,동작,서울시 동작구 노량진로 148,동작구,살인,16세,0
2020,동작,서울시 동작구 노량진로 148,동작구,살인,17세,0
2020,동작,서울시 동작구 노량진로 148,동작구,살인,18세,0
2020,동작,서울시 동작구 노량진로 148,동작구,살인,19세,0
2020,동작,서울시 동작구 노량진로 148,동작구,살인,20세,0
2020,동작,서울시 동작구 노량진로 148,동작구,살인,21~25,0
2020,동작,서울시 동작구 노량진로 148,동작구,살인,26~30,0
2020,동작,서울시 동작구 노량진로 148,동작구,살인,31~35,1
2020,동작,서울시 동작구 노량진로 148,동작구,살인,36~40,0
2020,동작,서울시 동작구 노량진로 148,동작구,살인,41~45,0
2020,동작,서울시 동작구 노량진로 148,동작구,살인,46~50,0
2020,동작,서울시 동작구 노량진로 148,동작구,살인,51~55,0
2020,동작,서울시 동작구 노량진로 148,동작구,살인,56~60,0
2020,동작,서울시 동작구 노량진로 148,동작구,살인,61~64,1
2020,동작,서울시 동작구 노량진로 148,동작구,살인,65~70,0
2020,동작,서울시 동작구 노량진로 148,동작구,살인,71이상,0
2020,동작,서울시 동작구 노량진로 148,동작구,살인,미상,0
2020,동작,서울시 동작구 노량진로 148,동작구,폭력,14미만,0
2020,동작,서울시 동작구 노량진로 148,동작구,폭력,14세,17
2020,동작,서울시 동작구 노량진로 148,동작구,폭력,15세,17
2020,동작,서울시 동작구 노량진로 148,동작구,폭력,16세,27
2020,동작,서울시 동작구 노량진로 148,동작구,폭력,17세,12
2020,동작,서울시 동작구 노량진로 148,동작구,폭력,18세,35
2020,동작,서울시 동작구 노량진로 148,동작구,폭력,19세,21
2020,동작,서울시 동작구 노량진로 148,동작구,폭력,20세,17
2020,동작,서울시 동작구 노량진로 148,동작구,폭력,21~25,173
2020,동작,서울시 동작구 노량진로 148,동작구,폭력,26~30,166
2020,동작,서울시 동작구 노량진로 148,동작구,폭력,31~35,185
2020,동작,서울시 동작구 노량진로 148,동작구,폭력,36~40,179
2020,동작,서울시 동작구 노량진로 148,동작구,폭력,41~45,189
2020,동작,서울시 동작구 노량진로 148,동작구,폭력,46~50,235
2020,동작,서울시 동작구 노량진로 148,동작구,폭력,51~55,206
2020,동작,서울시 동작구 노량진로 148,동작구,폭력,56~60,231
2020,동작,서울시 동작구 노량진로 148,동작구,폭력,61~64,122
2020,동작,서울시 동작구 노량진로 148,동작구,폭력,65~70,116
2020,동작,서울시 동작구 노량진로 148,동작구,폭력,71이상,107
2020,동작,서울시 동작구 노량진로 148,동작구,폭력,미상,59
2020,광진,서울시 광진구 자양로 167,광진구,살인,14미만,0
2020,광진,서울시 광진구 자양로 167,광진구,살인,14세,0
2020,광진,서울시 광진구 자양로 167,광진구,살인,15세,0
2020,광진,서울시 광진구 자양로 167,광진구,살인,16세,0
2020,광진,서울시 광진구 자양로 167,광진구,살인,17세,0
2020,광진,서울시 광진구 자양로 167,광진구,살인,18세,0
2020,광진,서울시 광진구 자양로 167,광진구,살인,19세,0
2020,광진,서울시 광진구 자양로 167,광진구,살인,20세,0
2020,광진,서울시 광진구 자양로 167,광진구,살인,21~25,0
2020,광진,서울시 광진구 자양로 167,광진구,살인,26~30,0
2020,광진,서울시 광진구 자양로 167,광진구,살인,31~35,0
2020,광진,서울시 광진구 자양로 167,광진구,살인,36~40,0
2020,광진,서울시 광진구 자양로 167,광진구,살인,41~45,2
2020,광진,서울시 광진구 자양로 167,광진구,살인,46~50,2
2020,광진,서울시 광진구 자양로 167,광진구,살인,51~55,0
2020,광진,서울시 광진구 자양로 167,광진구,살인,56~60,0
2020,광진,서울시 광진구 자양로 167,광진구,살인,61~64,0
2020,광진,서울시 광진구 자양로 167,광진구,살인,65~70,0
2020,광진,서울시 광진구 자양로 167,광진구,살인,71이상,1
2020,광진,서울시 광진구 자양로 167,광진구,살인,미상,0
2020,광진,서울시 광진구 자양로 167,광진구,폭력,14미만,0
2020,광진,서울시 광진구 자양로 167,광진구,폭력,14세,17
2020,광진,서울시 광진구 자양로 167,광진구,폭력,15세,32
2020,광진,서울시 광진구 자양로 167,광진구,폭력,16세,28
2020,광진,서울시 광진구 자양로 167,광진구,폭력,17세,29
2020,광진,서울시 광진구 자양로 167,광진구,폭력,18세,80
2020,광진,서울시 광진구 자양로 167,광진구,폭력,19세,57
2020,광진,서울시 광진구 자양로 167,광진구,폭력,20세,36
2020,광진,서울시 광진구 자양로 167,광진구,폭력,21~25,243
2020,광진,서울시 광진구 자양로 167,광진구,폭력,26~30,217
2020,광진,서울시 광진구 자양로 167,광진구,폭력,31~35,160
2020,광진,서울시 광진구 자양로 167,광진구,폭력,36~40,182
2020,광진,서울시 광진구 자양로 167,광진구,폭력,41~45,176
2020,광진,서울시 광진구 자양로 167,광진구,폭력,46~50,221
2020,광진,서울시 광진구 자양로 167,광진구,폭력,51~55,257
2020,광진,서울시 광진구 자양로 167,광진구,폭력,56~60,232
2020,광진,서울시 광진구 자양로 167,광진구,폭력,61~64,95
2020,광진,서울시 광진구 자양로 167,광진구,폭력,65~70,66
2020,광진,서울시 광진구 자양로 167,광진구,폭력,71이상,62
2020,광진,서울시 광진구 자양로 167,광진구,폭력,미상,22
2020,서부,서울시 은평구 진흥로 58,은평구,살인,14미만,0
2020,서부,서울시 은평구 진흥로 58,은평구,살인,14세,0
2020,서부,서울시 은평구 진흥로 58,은평구,살인,15세,0
2020,서부,서울시 은평구 진흥로 58,은평구,살인,16세,0
2020,서부,서울시 은평구 진흥로 58,은평구,살인,17세,0
2020,서부,서울시 은평구 진흥로 58,은평구,살인,18세,0
2020,서부,서울시 은평구 진흥로 58,은평구,살인,19세,0
2020,서부,서울시 은평구 진흥로 58,은평구,살인,20세,0
2020,서부,서울시 은평구 진흥로 58,은평구,살인,21~25,0
2020,서부,서울시 은평구 진흥로 58,은평구,살인,26~30,0
2020,서부,서울시 은평구 진흥로 58,은평구,살인,31~35,0
2020,서부,서울시 은평구 진흥로 58,은평구,살인,36~40,0
2020,서부,서울시 은평구 진흥로 58,은평구,살인,41~45,0
2020,서부,서울시 은평구 진흥로 58,은평구,살인,46~50,0
2020,서부,서울시 은평구 진흥로 58,은평구,살인,51~55,1
2020,서부,서울시 은평구 진흥로 58,은평구,살인,56~60,0
2020,서부,서울시 은평구 진흥로 58,은평구,살인,61~64,0
2020,서부,서울시 은평구 진흥로 58,은평구,살인,65~70,0
2020,서부,서울시 은평구 진흥로 58,은평구,살인,71이상,0
2020,서부,서울시 은평구 진흥로 58,은평구,살인,미상,0
2020,서부,서울시 은평구 진흥로 58,은평구,폭력,14미만,0
2020,서부,서울시 은평구 진흥로 58,은평구,폭력,14세,3
2020,서부,서울시 은평구 진흥로 58,은평구,폭력,15세,14
2020,서부,서울시 은평구 진흥로 58,은평구,폭력,16세,10
2020,서부,서울시 은평구 진흥로 58,은평구,폭력,17세,6
2020,서부,서울시 은평구 진흥로 58,은평구,폭력,18세,5
2020,서부,서울시 은평구 진흥로 58,은평구,폭력,19세,5
2020,서부,서울시 은평구 진흥로 58,은평구,폭력,20세,11
2020,서부,서울시 은평구 진흥로 58,은평구,폭력,21~25,72
2020,서부,서울시 은평구 진흥로 58,은평구,폭력,26~30,80
2020,서부,서울시 은평구 진흥로 58,은평구,폭력,31~35,67
2020,서부,서울시 은평구 진흥로 58,은평구,폭력,36~40,85
2020,서부,서울시 은평구 진흥로 58,은평구,폭력,41~45,96
2020,서부,서울시 은평구 진흥로 58,은평구,폭력,46~50,145
2020,서부,서울시 은평구 진흥로 58,은평구,폭력,51~55,99
2020,서부,서울시 은평구 진흥로 58,은평구,폭력,56~60,121
2020,서부,서울시 은평구 진흥로 58,은평구,폭력,61~64,79
2020,서부,서울시 은평구 진흥로 58,은평구,폭력,65~70,50
2020,서부,서울시 은평구 진흥로 58,은평구,폭력,71이상,43
2020,서부,서울시 은평구 진흥로 58,은평구,폭력,미상,34
2020,강북,서울시 강북구 오패산로 406,강북구,살인,14미만,0
2020,강북,서울시 강북구 오패산로 406,강북구,살인,14세,0
2020,강북,서울시 강북구 오패산로 406,강북구,살인,15세,0
2020,강북,서울시 강북구 오패산로 406,강북구,살인,16세,0
2020,강북,서울시 강북구 오패산로 406,강북구,살인,17세,0
2020,강북,서울시 강북구 오패산로 406,강북구,살인,18세,0
2020,강북,서울시 강북구 오패산로 406,강북구,살인,19세,0
2020,강북,서울시 강북구 오패산로 406,강북구,살인,20세,0
2020,강북,서울시 강북구 오패산로 406,강북구,살인,21~25,0
2020,강북,서울시 강북구 오패산로 406,강북구,살인,26~30,0
2020,강북,서울시 강북구 오패산로 406,강북구,살인,31~35,0
2020,강북,서울시 강북구 오패산로 406,강북구,살인,36~40,0
2020,강북,서울시 강북구 오패산로 406,강북구,살인,41~45,0
2020,강북,서울시 강북구 오패산로 406,강북구,살인,46~50,0
2020,강북,서울시 강북구 오패산로 406,강북구,살인,51~55,2
2020,강북,서울시 강북구 오패산로 406,강북구,살인,56~60,1
2020,강북,서울시 강북구 오패산로 406,강북구,살인,61~64,0
2020,강북,서울시 강북구 오패산로 406,강북구,살인,65~70,0
2020,강북,서울시 강북구 오패산로 406,강북구,살인,71이상,0
2020,강북,서울시 강북구 오패산로 406,강북구,살인,미상,1
2020,강북,서울시 강북구 오패산로 406,강북구,폭력,14미만,0
2020,강북,서울시 강북구 오패산로 406,강북구,폭력,14세,28
2020,강북,서울시 강북구 오패산로 406,강북구,폭력,15세,17
2020,강북,서울시 강북구 오패산로 406,강북구,폭력,16세,14
2020,강북,서울시 강북구 오패산로 406,강북구,폭력,17세,17
2020,강북,서울시 강북구 오패산로 406,강북구,폭력,18세,66
2020,강북,서울시 강북구 오패산로 406,강북구,폭력,19세,80
2020,강북,서울시 강북구 오패산로 406,강북구,폭력,20세,58
2020,강북,서울시 강북구 오패산로 406,강북구,폭력,21~25,387
2020,강북,서울시 강북구 오패산로 406,강북구,폭력,26~30,233
2020,강북,서울시 강북구 오패산로 406,강북구,폭력,31~35,211
2020,강북,서울시 강북구 오패산로 406,강북구,폭력,36~40,300
2020,강북,서울시 강북구 오패산로 406,강북구,폭력,41~45,290
2020,강북,서울시 강북구 오패산로 406,강북구,폭력,46~50,358
2020,강북,서울시 강북구 오패산로 406,강북구,폭력,51~55,312
2020,강북,서울시 강북구 오패산로 406,강북구,폭력,56~60,279
2020,강북,서울시 강북구 오패산로 406,강북구,폭력,61~64,203
2020,강북,서울시 강북구 오패산로 406,강북구,폭력,65~70,110
2020,강북,서울시 강북구 오패산로 406,강북구,폭력,71이상,109
2020,강북,서울시 강북구 오패산로 406,강북구,폭력,미상,31
2020,금천,서울시 금천구 시흥대로73길 50,금천구,살인,14미만,0
2020,금천,서울시 금천구 시흥대로73길 50,금천구,살인,14세,0
2020,금천,서울시 금천구 시흥대로73길 50,금천구,살인,15세,0
2020,금천,서울시 금천구 시흥대로73길 50,금천구,살인,16세,0
2020,금천,서울시 금천구 시흥대로73길 50,금천구,살인,17세,0
2020,금천,서울시 금천구 시흥대로73길 50,금천구,살인,18세,0
2020,금천,서울시 금천구 시흥대로73길 50,금천구,살인,19세,0
2020,금천,서울시 금천구 시흥대로73길 50,금천구,살인,20세,0
2020,금천,서울시 금천구 시흥대로73길 50,금천구,살인,21~25,0
2020,금천,서울시 금천구 시흥대로73길 50,금천구,살인,26~30,1
2020,금천,서울시 금천구 시흥대로73길 50,금천구,살인,31~35,0
2020,금천,서울시 금천구 시흥대로73길 50,금천구,살인,36~40,1
2020,금천,서울시 금천구 시흥대로73길 50,금천구,살인,41~45,0
2020,금천,서울시 금천구 시흥대로73길 50,금천구,살인,46~50,0
2020,금천,서울시 금천구 시흥대로73길 50,금천구,살인,51~55,0
2020,금천,서울시 금천구 시흥대로73길 50,금천구,살인,56~60,1
2020,금천,서울시 금천구 시흥대로73길 50,금천구,살인,61~64,1
2020,금천,서울시 금천구 시흥대로73길 50,금천구,살인,65~70,1
2020,금천,서울시 금천구 시흥대로73길 50,금천구,살인,71이상,0
2020,금천,서울시 금천구 시흥대로73길 50,금천구,살인,미상,0
2020,금천,서울시 금천구 시흥대로73길 50,금천구,폭력,14미만,0
2020,금천,서울시 금천구 시흥대로73길 50,금천구,폭력,14세,7
2020,금천,서울시 금천구 시흥대로73길 50,금천구,폭력,15세,6
2020,금천,서울시 금천구 시흥대로73길 50,금천구,폭력,16세,23
2020,금천,서울시 금천구 시흥대로73길 50,금천구,폭력,17세,19
2020,금천,서울시 금천구 시흥대로73길 50,금천구,폭력,18세,16
2020,금천,서울시 금천구 시흥대로73길 50,금천구,폭력,19세,23
2020,금천,서울시 금천구 시흥대로73길 50,금천구,폭력,20세,13
2020,금천,서울시 금천구 시흥대로73길 50,금천구,폭력,21~25,159
2020,금천,서울시 금천구 시흥대로73길 50,금천구,폭력,26~30,187
2020,금천,서울시 금천구 시흥대로73길 50,금천구,폭력,31~35,170
2020,금천,서울시 금천구 시흥대로73길 50,금천구,폭력,36~40,208
2020,금천,서울시 금천구 시흥대로73길 50,금천구,폭력,41~45,214
2020,금천,서울시 금천구 시흥대로73길 50,금천구,폭력,46~50,298
2020,금천,서울시 금천구 시흥대로73길 50,금천구,폭력,51~55,321
2020,금천,서울시 금천구 시흥대로73길 50,금천구,폭력,56~60,281
2020,금천,서울시 금천구 시흥대로73길 50,금천구,폭력,61~64,143
2020,금천,서울시 금천구 시흥대로73길 50,금천구,폭력,65~70,87
2020,금천,서울시 금천구 시흥대로73길 50,금천구,폭력,71이상,83
2020,금천,서울시 금천구 시흥대로73길 50,금천구,폭력,미상,46
2020,중랑,서울시 중랑구 신내역로3길 40-10,중랑구,살인,14미만,0
2020,중랑,서울시 중랑구 신내역로3길 40-10,중랑구,살인,14세,0
2020,중랑,서울시 중랑구 신내역로3길 40-10,중랑구,살인,15세,0
2020,중랑,서울시 중랑구 신내역로3길 40-10,중랑구,살인,16세,0
2020,중랑,서울시 중랑구 신내역로3길 40-10,중랑구,살인,17세,0
2020,중랑,서울시 중랑구 신내역로3길 40-10,중랑구,살인,18세,0
2020,중랑,서울시 중랑구 신내역로3길 40-10,중랑구,살인,19세,0
2020,중랑,서울시 중랑구 신내역로3길 40-10,중랑구,살인,20세,0
2020,중랑,서울시 중랑구 신내역로3길 40-10,중랑구,살인,21~25,1
2020,중랑,서울시 중랑구 신내역로3길 40-10,중랑구,살인,26~30,1
2020,중랑,서울시 중랑구 신내역로3길 40-10,중랑구,살인,31~35,2
2020,중랑,서울시 중랑구 신내역로3길 40-10,중랑구,살인,36~40,0
2020,중랑,서울시 중랑구 신내역로3길 40-10,중랑구,살인,41~45,1
2020,중랑,서울시 중랑구 신내역로3길 40-10,중랑구,살인,46~50,2
2020,중랑,서울시 중랑구 신내역로3길 40-10,중랑구,살인,51~55,0
2020,중랑,서울시 중랑구 신내역로3길 40-10,중랑구,살인,56~60,2
2020,중랑,서울시 중랑구 신내역로3길 40-10,중랑구,살인,61~64,3
2020,중랑,서울시 중랑구 신내역로3길 40-10,중랑구,살인,65~70,0
2020,중랑,서울시 중랑구 신내역로3길 40-10,중랑구,살인,71이상,0
2020,중랑,서울시 중랑구 신내역로3길 40-10,중랑구,살인,미상,0
2020,중랑,서울시 중랑구 신내역로3길 40-10,중랑구,폭력,14미만,0
2020,중랑,서울시 중랑구 신내역로3길 40-10,중랑구,폭력,14세,22
2020,중랑,서울시 중랑구 신내역로3길 40-10,중랑구,폭력,15세,23
2020,중랑,서울시 중랑구 신내역로3길 40-10,중랑구,폭력,16세,37
2020,중랑,서울시 중랑구 신내역로3길 40-10,중랑구,폭력,17세,25
2020,중랑,서울시 중랑구 신내역로3길 40-10,중랑구,폭력,18세,43
2020,중랑,서울시 중랑구 신내역로3길 40-10,중랑구,폭력,19세,50
2020,중랑,서울시 중랑구 신내역로3길 40-10,중랑구,폭력,20세,41
2020,중랑,서울시 중랑구 신내역로3길 40-10,중랑구,폭력,21~25,209
2020,중랑,서울시 중랑구 신내역로3길 40-10,중랑구,폭력,26~30,195
2020,중랑,서울시 중랑구 신내역로3길 40-10,중랑구,폭력,31~35,194
2020,중랑,서울시 중랑구 신내역로3길 40-10,중랑구,폭력,36~40,255
2020,중랑,서울시 중랑구 신내역로3길 40-10,중랑구,폭력,41~45,258
2020,중랑,서울시 중랑구 신내역로3길 40-10,중랑구,폭력,46~50,334
2020,중랑,서울시 중랑구 신내역로3길 40-10,중랑구,폭력,51~55,340
2020,중랑,서울시 중랑구 신내역로3길 40-10,중랑구,폭력,56~60,346
2020,중랑,서울시 중랑구 신내역로3길 40-10,중랑구,폭력,61~64,152
2020,중랑,서울시 중랑구 신내역로3길 40-10,중랑구,폭력,65~70,126
2020,중랑,서울시 중랑구 신내역로3길 40-10,중랑구,폭력,71이상,101
2020,중랑,서울시 중랑구 신내역로3길 40-10,중랑구,폭력,미상,57
2020,강남,서울시 강남구 테헤란로 114길 11,강남구,살인,14미만,0
2020,강남,서울시 강남구 테헤란로 114길 11,강남구,살인,14세,0
2020,강남,서울시 강남구 테헤란로 114길 11,강남구,살인,15세,0
2020,강남,서울시 강남구 테헤란로 114길 11,강남구,살인,16세,0
2020,강남,서울시 강남구 테헤란로 114길 11,강남구,살인,17세,0
2020,강남,서울시 강남구 테헤란로 114길 11,강남구,살인,18세,0
2020,강남,서울시 강남구 테헤란로 114길 11,강남구,살인,19세,0
2020,강남,서울시 강남구 테헤란로 114길 11,강남구,살인,20세,0
2020,강남,서울시 강남구 테헤란로 114길 11,강남구,살인,21~25,0
2020,강남,서울시 강남구 테헤란로 114길 11,강남구,살인,26~30,1
2020,강남,서울시 강남구 테헤란로 114길 11,강남구,살인,31~35,0
2020,강남,서울시 강남구 테헤란로 114길 11,강남구,살인,36~40,0
2020,강남,서울시 강남구 테헤란로 114길 11,강남구,살인,41~45,0
2020,강남,서울시 강남구 테헤란로 114길 11,강남구,살인,46~50,0
2020,강남,서울시 강남구 테헤란로 114길 11,강남구,살인,51~55,0
2020,강남,서울시 강남구 테헤란로 114길 11,강남구,살인,56~60,0
2020,강남,서울시 강남구 테헤란로 114길 11,강남구,살인,61~64,0
2020,강남,서울시 강남구 테헤란로 114길 11,강남구,살인,65~70,1
2020,강남,서울시 강남구 테헤란로 114길 11,강남구,살인,71이상,0
2020,강남,서울시 강남구 테헤란로 114길 11,강남구,살인,미상,0
2020,강남,서울시 강남구 테헤란로 114길 11,강남구,폭력,14미만,0
2020,강남,서울시 강남구 테헤란로 114길 11,강남구,폭력,14세,2
2020,강남,서울시 강남구 테헤란로 114길 11,강남구,폭력,15세,10
2020,강남,서울시 강남구 테헤란로 114길 11,강남구,폭력,16세,8
2020,강남,서울시 강남구 테헤란로 114길 11,강남구,폭력,17세,9
2020,강남,서울시 강남구 테헤란로 114길 11,강남구,폭력,18세,10
2020,강남,서울시 강남구 테헤란로 114길 11,강남구,폭력,19세,27
2020,강남,서울시 강남구 테헤란로 114길 11,강남구,폭력,20세,36
2020,강남,서울시 강남구 테헤란로 114길 11,강남구,폭력,21~25,301
2020,강남,서울시 강남구 테헤란로 114길 11,강남구,폭력,26~30,409
2020,강남,서울시 강남구 테헤란로 114길 11,강남구,폭력,31~35,324
2020,강남,서울시 강남구 테헤란로 114길 11,강남구,폭력,36~40,336
2020,강남,서울시 강남구 테헤란로 114길 11,강남구,폭력,41~45,253
2020,강남,서울시 강남구 테헤란로 114길 11,강남구,폭력,46~50,242
2020,강남,서울시 강남구 테헤란로 114길 11,강남구,폭력,51~55,164
2020,강남,서울시 강남구 테헤란로 114길 11,강남구,폭력,56~60,144
2020,강남,서울시 강남구 테헤란로 114길 11,강남구,폭력,61~64,71
2020,강남,서울시 강남구 테헤란로 114길 11,강남구,폭력,65~70,75
2020,강남,서울시 강남구 테헤란로 114길 11,강남구,폭력,71이상,44
2020,강남,서울시 강남구 테헤란로 114길 11,강남구,폭력,미상,20
2020,관악,서울시 관악구 관악로5길 33,관악구,살인,14미만,0
2020,관악,서울시 관악구 관악로5길 33,관악구,살인,14세,0
2020,관악,서울시 관악구 관악로5길 33,관악구,살인,15세,0
2020,관악,서울시 관악구 관악로5길 33,관악구,살인,16세,0
2020,관악,서울시 관악구 관악로5길 33,관악구,살인,17세,0
2020,관악,서울시 관악구 관악로5길 33,관악구,살인,18세,0
2020,관악,서울시 관악구 관악로5길 33,관악구,살인,19세,0
2020,관악,서울시 관악구 관악로5길 33,관악구,살인,20세,0
2020,관악,서울시 관악구 관악로5길 33,관악구,살인,21~25,1
2020,관악,서울시 관악구 관악로5길 33,관악구,살인,26~30,1
2020,관악,서울시 관악구 관악로5길 33,관악구,살인,31~35,0
2020,관악,서울시 관악구 관악로5길 33,관악구,살인,36~40,4
2020,관악,서울시 관악구 관악로5길 33,관악구,살인,41~45,0
2020,관악,서울시 관악구 관악로5길 33,관악구,살인,46~50,2
2020,관악,서울시 관악구 관악로5길 33,관악구,살인,51~55,2
2020,관악,서울시 관악구 관악로5길 33,관악구,살인,56~60,1
2020,관악,서울시 관악구 관악로5길 33,관악구,살인,61~64,0
2020,관악,서울시 관악구 관악로5길 33,관악구,살인,65~70,1
2020,관악,서울시 관악구 관악로5길 33,관악구,살인,71이상,0
2020,관악,서울시 관악구 관악로5길 33,관악구,살인,미상,0
2020,관악,서울시 관악구 관악로5길 33,관악구,폭력,14미만,0
2020,관악,서울시 관악구 관악로5길 33,관악구,폭력,14세,37
2020,관악,서울시 관악구 관악로5길 33,관악구,폭력,15세,36
2020,관악,서울시 관악구 관악로5길 33,관악구,폭력,16세,21
2020,관악,서울시 관악구 관악로5길 33,관악구,폭력,17세,29
2020,관악,서울시 관악구 관악로5길 33,관악구,폭력,18세,62
2020,관악,서울시 관악구 관악로5길 33,관악구,폭력,19세,74
2020,관악,서울시 관악구 관악로5길 33,관악구,폭력,20세,48
2020,관악,서울시 관악구 관악로5길 33,관악구,폭력,21~25,366
2020,관악,서울시 관악구 관악로5길 33,관악구,폭력,26~30,369
2020,관악,서울시 관악구 관악로5길 33,관악구,폭력,31~35,279
2020,관악,서울시 관악구 관악로5길 33,관악구,폭력,36~40,291
2020,관악,서울시 관악구 관악로5길 33,관악구,폭력,41~45,244
2020,관악,서울시 관악구 관악로5길 33,관악구,폭력,46~50,303
2020,관악,서울시 관악구 관악로5길 33,관악구,폭력,51~55,277
2020,관악,서울시 관악구 관악로5길 33,관악구,폭력,56~60,306
2020,관악,서울시 관악구 관악로5길 33,관악구,폭력,61~64,183
2020,관악,서울시 관악구 관악로5길 33,관악구,폭력,65~70,155
2020,관악,서울시 관악구 관악로5길 33,관악구,폭력,71이상,132
2020,관악,서울시 관악구 관악로5길 33,관악구,폭력,미상,44
2020,강서,서울시 양천구 화곡로 73,양천구,살인,14미만,0
2020,강서,서울시 양천구 화곡로 73,양천구,살인,14세,0
2020,강서,서울시 양천구 화곡로 73,양천구,살인,15세,0
2020,강서,서울시 양천구 화곡로 73,양천구,살인,16세,1
2020,강서,서울시 양천구 화곡로 73,양천구,살인,17세,0
2020,강서,서울시 양천구 화곡로 73,양천구,살인,18세,1
2020,강서,서울시 양천구 화곡로 73,양천구,살인,19세,0
2020,강서,서울시 양천구 화곡로 73,양천구,살인,20세,0
2020,강서,서울시 양천구 화곡로 73,양천구,살인,21~25,0
2020,강서,서울시 양천구 화곡로 73,양천구,살인,26~30,1
2020,강서,서울시 양천구 화곡로 73,양천구,살인,31~35,1
2020,강서,서울시 양천구 화곡로 73,양천구,살인,36~40,1
2020,강서,서울시 양천구 화곡로 73,양천구,살인,41~45,1
2020,강서,서울시 양천구 화곡로 73,양천구,살인,46~50,1
2020,강서,서울시 양천구 화곡로 73,양천구,살인,51~55,3
2020,강서,서울시 양천구 화곡로 73,양천구,살인,56~60,0
2020,강서,서울시 양천구 화곡로 73,양천구,살인,61~64,0
2020,강서,서울시 양천구 화곡로 73,양천구,살인,65~70,0
2020,강서,서울시 양천구 화곡로 73,양천구,살인,71이상,0
2020,강서,서울시 양천구 화곡로 73,양천구,살인,미상,0
2020,강서,서울시 양천구 화곡로 73,양천구,폭력,14미만,0
2020,강서,서울시 양천구 화곡로 73,양천구,폭력,14세,21
2020,강서,서울시 양천구 화곡로 73,양천구,폭력,15세,28
2020,강서,서울시 양천구 화곡로 73,양천구,폭력,16세,33
2020,강서,서울시 양천구 화곡로 73,양천구,폭력,17세,31
2020,강서,서울시 양천구 화곡로 73,양천구,폭력,18세,49
2020,강서,서울시 양천구 화곡로 73,양천구,폭력,19세,27
2020,강서,서울시 양천구 화곡로 73,양천구,폭력,20세,36
2020,강서,서울시 양천구 화곡로 73,양천구,폭력,21~25,210
2020,강서,서울시 양천구 화곡로 73,양천구,폭력,26~30,230
2020,강서,서울시 양천구 화곡로 73,양천구,폭력,31~35,235
2020,강서,서울시 양천구 화곡로 73,양천구,폭력,36~40,302
2020,강서,서울시 양천구 화곡로 73,양천구,폭력,41~45,292
2020,강서,서울시 양천구 화곡로 73,양천구,폭력,46~50,306
2020,강서,서울시 양천구 화곡로 73,양천구,폭력,51~55,331
2020,강서,서울시 양천구 화곡로 73,양천구,폭력,56~60,357
2020,강서,서울시 양천구 화곡로 73,양천구,폭력,61~64,209
2020,강서,서울시 양천구 화곡로 73,양천구,폭력,65~70,143
2020,강서,서울시 양천구 화곡로 73,양천구,폭력,71이상,129
2020,강서,서울시 양천구 화곡로 73,양천구,폭력,미상,40
2020,강동,서울시 강동구 성내로 57,강동구,살인,14미만,0
2020,강동,서울시 강동구 성내로 57,강동구,살인,14세,0
2020,강동,서울시 강동구 성내로 57,강동구,살인,15세,0
2020,강동,서울시 강동구 성내로 57,강동구,살인,16세,0
2020,강동,서울시 강동구 성내로 57,강동구,살인,17세,0
2020,강동,서울시 강동구 성내로 57,강동구,살인,18세,0
2020,강동,서울시 강동구 성내로 57,강동구,살인,19세,0
2020,강동,서울시 강동구 성내로 57,강동구,살인,20세,0
2020,강동,서울시 강동구 성내로 57,강동구,살인,21~25,0
2020,강동,서울시 강동구 성내로 57,강동구,살인,26~30,1
2020,강동,서울시 강동구 성내로 57,강동구,살인,31~35,0
2020,강동,서울시 강동구 성내로 57,강동구,살인,36~40,1
2020,강동,서울시 강동구 성내로 57,강동구,살인,41~45,0
2020,강동,서울시 강동구 성내로 57,강동구,살인,46~50,1
2020,강동,서울시 강동구 성내로 57,강동구,살인,51~55,0
2020,강동,서울시 강동구 성내로 57,강동구,살인,56~60,3
2020,강동,서울시 강동구 성내로 57,강동구,살인,61~64,0
2020,강동,서울시 강동구 성내로 57,강동구,살인,65~70,1
2020,강동,서울시 강동구 성내로 57,강동구,살인,71이상,0
2020,강동,서울시 강동구 성내로 57,강동구,살인,미상,0
2020,강동,서울시 강동구 성내로 57,강동구,폭력,14미만,0
2020,강동,서울시 강동구 성내로 57,강동구,폭력,14세,22
2020,강동,서울시 강동구 성내로 57,강동구,폭력,15세,27
2020,강동,서울시 강동구 성내로 57,강동구,폭력,16세,31
2020,강동,서울시 강동구 성내로 57,강동구,폭력,17세,24
2020,강동,서울시 강동구 성내로 57,강동구,폭력,18세,46
2020,강동,서울시 강동구 성내로 57,강동구,폭력,19세,46
2020,강동,서울시 강동구 성내로 57,강동구,폭력,20세,25
2020,강동,서울시 강동구 성내로 57,강동구,폭력,21~25,202
2020,강동,서울시 강동구 성내로 57,강동구,폭력,26~30,197
2020,강동,서울시 강동구 성내로 57,강동구,폭력,31~35,210
2020,강동,서울시 강동구 성내로 57,강동구,폭력,36~40,250
2020,강동,서울시 강동구 성내로 57,강동구,폭력,41~45,234
2020,강동,서울시 강동구 성내로 57,강동구,폭력,46~50,300
2020,강동,서울시 강동구 성내로 57,강동구,폭력,51~55,308
2020,강동,서울시 강동구 성내로 57,강동구,폭력,56~60,314
2020,강동,서울시 강동구 성내로 57,강동구,폭력,61~64,163
2020,강동,서울시 강동구 성내로 57,강동구,폭력,65~70,119
2020,강동,서울시 강동구 성내로 57,강동구,폭력,71이상,94
2020,강동,서울시 강동구 성내로 57,강동구,폭력,미상,56
2020,종암,서울시 성북구 종암로 135,성북구,살인,14미만,0
2020,종암,서울시 성북구 종암로 135,성북구,살인,14세,0
2020,종암,서울시 성북구 종암로 135,성북구,살인,15세,0
2020,종암,서울시 성북구 종암로 135,성북구,살인,16세,0
2020,종암,서울시 성북구 종암로 135,성북구,살인,17세,0
2020,종암,서울시 성북구 종암로 135,성북구,살인,18세,0
2020,종암,서울시 성북구 종암로 135,성북구,살인,19세,0
2020,종암,서울시 성북구 종암로 135,성북구,살인,20세,0
2020,종암,서울시 성북구 종암로 135,성북구,살인,21~25,0
2020,종암,서울시 성북구 종암로 135,성북구,살인,26~30,0
2020,종암,서울시 성북구 종암로 135,성북구,살인,31~35,0
2020,종암,서울시 성북구 종암로 135,성북구,살인,36~40,0
2020,종암,서울시 성북구 종암로 135,성북구,살인,41~45,0
2020,종암,서울시 성북구 종암로 135,성북구,살인,46~50,0
2020,종암,서울시 성북구 종암로 135,성북구,살인,51~55,1
2020,종암,서울시 성북구 종암로 135,성북구,살인,56~60,0
2020,종암,서울시 성북구 종암로 135,성북구,살인,61~64,0
2020,종암,서울시 성북구 종암로 135,성북구,살인,65~70,0
2020,종암,서울시 성북구 종암로 135,성북구,살인,71이상,0
2020,종암,서울시 성북구 종암로 135,성북구,살인,미상,0
2020,종암,서울시 성북구 종암로 135,성북구,폭력,14미만,0
2020,종암,서울시 성북구 종암로 135,성북구,폭력,14세,23
2020,종암,서울시 성북구 종암로 135,성북구,폭력,15세,10
2020,종암,서울시 성북구 종암로 135,성북구,폭력,16세,10
2020,종암,서울시 성북구 종암로 135,성북구,폭력,17세,14
2020,종암,서울시 성북구 종암로 135,성북구,폭력,18세,18
2020,종암,서울시 성북구 종암로 135,성북구,폭력,19세,10
2020,종암,서울시 성북구 종암로 135,성북구,폭력,20세,13
2020,종암,서울시 성북구 종암로 135,성북구,폭력,21~25,50
2020,종암,서울시 성북구 종암로 135,성북구,폭력,26~30,64
2020,종암,서울시 성북구 종암로 135,성북구,폭력,31~35,70
2020,종암,서울시 성북구 종암로 135,성북구,폭력,36~40,72
2020,종암,서울시 성북구 종암로 135,성북구,폭력,41~45,110
2020,종암,서울시 성북구 종암로 135,성북구,폭력,46~50,154
2020,종암,서울시 성북구 종암로 135,성북구,폭력,51~55,136
2020,종암,서울시 성북구 종암로 135,성북구,폭력,56~60,114
2020,종암,서울시 성북구 종암로 135,성북구,폭력,61~64,68
2020,종암,서울시 성북구 종암로 135,성북구,폭력,65~70,66
2020,종암,서울시 성북구 종암로 135,성북구,폭력,71이상,46
2020,종암,서울시 성북구 종암로 135,성북구,폭력,미상,11
2020,구로,서울시 구로구 가마산로 235,구로구,살인,14미만,0
2020,구로,서울시 구로구 가마산로 235,구로구,살인,14세,0
2020,구로,서울시 구로구 가마산로 235,구로구,살인,15세,0
2020,구로,서울시 구로구 가마산로 235,구로구,살인,16세,0
2020,구로,서울시 구로구 가마산로 235,구로구,살인,17세,0
2020,구로,서울시 구로구 가마산로 235,구로구,살인,18세,0
2020,구로,서울시 구로구 가마산로 235,구로구,살인,19세,0
2020,구로,서울시 구로구 가마산로 235,구로구,살인,20세,0
2020,구로,서울시 구로구 가마산로 235,구로구,살인,21~25,1
2020,구로,서울시 구로구 가마산로 235,구로구,살인,26~30,0
2020,구로,서울시 구로구 가마산로 235,구로구,살인,31~35,0
2020,구로,서울시 구로구 가마산로 235,구로구,살인,36~40,0
2020,구로,서울시 구로구 가마산로 235,구로구,살인,41~45,2
2020,구로,서울시 구로구 가마산로 235,구로구,살인,46~50,1
2020,구로,서울시 구로구 가마산로 235,구로구,살인,51~55,2
2020,구로,서울시 구로구 가마산로 235,구로구,살인,56~60,1
2020,구로,서울시 구로구 가마산로 235,구로구,살인,61~64,3
2020,구로,서울시 구로구 가마산로 235,구로구,살인,65~70,0
2020,구로,서울시 구로구 가마산로 235,구로구,살인,71이상,0
2020,구로,서울시 구로구 가마산로 235,구로구,살인,미상,0
2020,구로,서울시 구로구 가마산로 235,구로구,폭력,14미만,0
2020,구로,서울시 구로구 가마산로 235,구로구,폭력,14세,26
2020,구로,서울시 구로구 가마산로 235,구로구,폭력,15세,34
2020,구로,서울시 구로구 가마산로 235,구로구,폭력,16세,40
2020,구로,서울시 구로구 가마산로 235,구로구,폭력,17세,19
2020,구로,서울시 구로구 가마산로 235,구로구,폭력,18세,24
2020,구로,서울시 구로구 가마산로 235,구로구,폭력,19세,44
2020,구로,서울시 구로구 가마산로 235,구로구,폭력,20세,27
2020,구로,서울시 구로구 가마산로 235,구로구,폭력,21~25,195
2020,구로,서울시 구로구 가마산로 235,구로구,폭력,26~30,237
2020,구로,서울시 구로구 가마산로 235,구로구,폭력,31~35,236
2020,구로,서울시 구로구 가마산로 235,구로구,폭력,36~40,306
2020,구로,서울시 구로구 가마산로 235,구로구,폭력,41~45,319
2020,구로,서울시 구로구 가마산로 235,구로구,폭력,46~50,389
2020,구로,서울시 구로구 가마산로 235,구로구,폭력,51~55,394
2020,구로,서울시 구로구 가마산로 235,구로구,폭력,56~60,290
2020,구로,서울시 구로구 가마산로 235,구로구,폭력,61~64,187
2020,구로,서울시 구로구 가마산로 235,구로구,폭력,65~70,129
2020,구로,서울시 구로구 가마산로 235,구로구,폭력,71이상,92
2020,구로,서울시 구로구 가마산로 235,구로구,폭력,미상,100
2020,서초,서울시 서초구 반포대로 179,서초구,살인,14미만,0
2020,서초,서울시 서초구 반포대로 179,서초구,살인,14세,0
2020,서초,서울시 서초구 반포대로 179,서초구,살인,15세,0
2020,서초,서울시 서초구 반포대로 179,서초구,살인,16세,0
2020,서초,서울시 서초구 반포대로 179,서초구,살인,17세,0
2020,서초,서울시 서초구 반포대로 179,서초구,살인,18세,0
2020,서초,서울시 서초구 반포대로 179,서초구,살인,19세,0
2020,서초,서울시 서초구 반포대로 179,서초구,살인,20세,0
2020,서초,서울시 서초구 반포대로 179,서초구,살인,21~25,0
2020,서초,서울시 서초구 반포대로 179,서초구,살인,26~30,0
2020,서초,서울시 서초구 반포대로 179,서초구,살인,31~35,0
2020,서초,서울시 서초구 반포대로 179,서초구,살인,36~40,0
2020,서초,서울시 서초구 반포대로 179,서초구,살인,41~45,0
2020,서초,서울시 서초구 반포대로 179,서초구,살인,46~50,0
2020,서초,서울시 서초구 반포대로 179,서초구,살인,51~55,0
2020,서초,서울시 서초구 반포대로 179,서초구,살인,56~60,0
2020,서초,서울시 서초구 반포대로 179,서초구,살인,61~64,0
2020,서초,서울시 서초구 반포대로 179,서초구,살인,65~70,0
2020,서초,서울시 서초구 반포대로 179,서초구,살인,71이상,0
2020,서초,서울시 서초구 반포대로 179,서초구,살인,미상,6
2020,서초,서울시 서초구 반포대로 179,서초구,폭력,14미만,0
2020,서초,서울시 서초구 반포대로 179,서초구,폭력,14세,10
2020,서초,서울시 서초구 반포대로 179,서초구,폭력,15세,15
2020,서초,서울시 서초구 반포대로 179,서초구,폭력,16세,13
2020,서초,서울시 서초구 반포대로 179,서초구,폭력,17세,7
2020,서초,서울시 서초구 반포대로 179,서초구,폭력,18세,29
2020,서초,서울시 서초구 반포대로 179,서초구,폭력,19세,77
2020,서초,서울시 서초구 반포대로 179,서초구,폭력,20세,75
2020,서초,서울시 서초구 반포대로 179,서초구,폭력,21~25,429
2020,서초,서울시 서초구 반포대로 179,서초구,폭력,26~30,374
2020,서초,서울시 서초구 반포대로 179,서초구,폭력,31~35,278
2020,서초,서울시 서초구 반포대로 179,서초구,폭력,36~40,290
2020,서초,서울시 서초구 반포대로 179,서초구,폭력,41~45,212
2020,서초,서울시 서초구 반포대로 179,서초구,폭력,46~50,231
2020,서초,서울시 서초구 반포대로 179,서초구,폭력,51~55,215
2020,서초,서울시 서초구 반포대로 179,서초구,폭력,56~60,165
2020,서초,서울시 서초구 반포대로 179,서초구,폭력,61~64,87
2020,서초,서울시 서초구 반포대로 179,서초구,폭력,65~70,78
2020,서초,서울시 서초구 반포대로 179,서초구,폭력,71이상,61
2020,서초,서울시 서초구 반포대로 179,서초구,폭력,미상,48
2020,양천,서울시 양천구 목동동로 99,양천구,살인,14미만,0
2020,양천,서울시 양천구 목동동로 99,양천구,살인,14세,0
2020,양천,서울시 양천구 목동동로 99,양천구,살인,15세,0
2020,양천,서울시 양천구 목동동로 99,양천구,살인,16세,0
2020,양천,서울시 양천구 목동동로 99,양천구,살인,17세,0
2020,양천,서울시 양천구 목동동로 99,양천구,살인,18세,0
2020,양천,서울시 양천구 목동동로 99,양천구,살인,19세,0
2020,양천,서울시 양천구 목동동로 99,양천구,살인,20세,0
2020,양천,서울시 양천구 목동동로 99,양천구,살인,21~25,0
2020,양천,서울시 양천구 목동동로 99,양천구,살인,26~30,0
2020,양천,서울시 양천구 목동동로 99,양천구,살인,31~35,1
2020,양천,서울시 양천구 목동동로 99,양천구,살인,36~40,0
2020,양천,서울시 양천구 목동동로 99,양천구,살인,41~45,2
2020,양천,서울시 양천구 목동동로 99,양천구,살인,46~50,0
2020,양천,서울시 양천구 목동동로 99,양천구,살인,51~55,0
2020,양천,서울시 양천구 목동동로 99,양천구,살인,56~60,1
2020,양천,서울시 양천구 목동동로 99,양천구,살인,61~64,0
2020,양천,서울시 양천구 목동동로 99,양천구,살인,65~70,2
2020,양천,서울시 양천구 목동동로 99,양천구,살인,71이상,0
2020,양천,서울시 양천구 목동동로 99,양천구,살인,미상,0
2020,양천,서울시 양천구 목동동로 99,양천구,폭력,14미만,0
2020,양천,서울시 양천구 목동동로 99,양천구,폭력,14세,24
2020,양천,서울시 양천구 목동동로 99,양천구,폭력,15세,22
2020,양천,서울시 양천구 목동동로 99,양천구,폭력,16세,30
2020,양천,서울시 양천구 목동동로 99,양천구,폭력,17세,21
2020,양천,서울시 양천구 목동동로 99,양천구,폭력,18세,26
2020,양천,서울시 양천구 목동동로 99,양천구,폭력,19세,21
2020,양천,서울시 양천구 목동동로 99,양천구,폭력,20세,22
2020,양천,서울시 양천구 목동동로 99,양천구,폭력,21~25,105
2020,양천,서울시 양천구 목동동로 99,양천구,폭력,26~30,107
2020,양천,서울시 양천구 목동동로 99,양천구,폭력,31~35,138
2020,양천,서울시 양천구 목동동로 99,양천구,폭력,36~40,195
2020,양천,서울시 양천구 목동동로 99,양천구,폭력,41~45,156
2020,양천,서울시 양천구 목동동로 99,양천구,폭력,46~50,220
2020,양천,서울시 양천구 목동동로 99,양천구,폭력,51~55,228
2020,양천,서울시 양천구 목동동로 99,양천구,폭력,56~60,194
2020,양천,서울시 양천구 목동동로 99,양천구,폭력,61~64,142
2020,양천,서울시 양천구 목동동로 99,양천구,폭력,65~70,85
2020,양천,서울시 양천구 목동동로 99,양천구,폭력,71이상,80
2020,양천,서울시 양천구 목동동로 99,양천구,폭력,미상,22
2020,송파,서울시 송파구 중대로 221,송파구,살인,14미만,0
2020,송파,서울시 송파구 중대로 221,송파구,살인,14세,0
2020,송파,서울시 송파구 중대로 221,송파구,살인,15세,0
2020,송파,서울시 송파구 중대로 221,송파구,살인,16세,0
2020,송파,서울시 송파구 중대로 221,송파구,살인,17세,0
2020,송파,서울시 송파구 중대로 221,송파구,살인,18세,0
2020,송파,서울시 송파구 중대로 221,송파구,살인,19세,0
2020,송파,서울시 송파구 중대로 221,송파구,살인,20세,0
2020,송파,서울시 송파구 중대로 221,송파구,살인,21~25,1
2020,송파,서울시 송파구 중대로 221,송파구,살인,26~30,1
2020,송파,서울시 송파구 중대로 221,송파구,살인,31~35,0
2020,송파,서울시 송파구 중대로 221,송파구,살인,36~40,2
2020,송파,서울시 송파구 중대로 221,송파구,살인,41~45,0
2020,송파,서울시 송파구 중대로 221,송파구,살인,46~50,0
2020,송파,서울시 송파구 중대로 221,송파구,살인,51~55,1
2020,송파,서울시 송파구 중대로 221,송파구,살인,56~60,1
2020,송파,서울시 송파구 중대로 221,송파구,살인,61~64,2
2020,송파,서울시 송파구 중대로 221,송파구,살인,65~70,0
2020,송파,서울시 송파구 중대로 221,송파구,살인,71이상,0
2020,송파,서울시 송파구 중대로 221,송파구,살인,미상,0
2020,송파,서울시 송파구 중대로 221,송파구,폭력,14미만,0
2020,송파,서울시 송파구 중대로 221,송파구,폭력,14세,13
2020,송파,서울시 송파구 중대로 221,송파구,폭력,15세,22
2020,송파,서울시 송파구 중대로 221,송파구,폭력,16세,33
2020,송파,서울시 송파구 중대로 221,송파구,폭력,17세,34
2020,송파,서울시 송파구 중대로 221,송파구,폭력,18세,46
2020,송파,서울시 송파구 중대로 221,송파구,폭력,19세,41
2020,송파,서울시 송파구 중대로 221,송파구,폭력,20세,32
2020,송파,서울시 송파구 중대로 221,송파구,폭력,21~25,256
2020,송파,서울시 송파구 중대로 221,송파구,폭력,26~30,316
2020,송파,서울시 송파구 중대로 221,송파구,폭력,31~35,303
2020,송파,서울시 송파구 중대로 221,송파구,폭력,36~40,397
2020,송파,서울시 송파구 중대로 221,송파구,폭력,41~45,352
2020,송파,서울시 송파구 중대로 221,송파구,폭력,46~50,405
2020,송파,서울시 송파구 중대로 221,송파구,폭력,51~55,370
2020,송파,서울시 송파구 중대로 221,송파구,폭력,56~60,345
2020,송파,서울시 송파구 중대로 221,송파구,폭력,61~64,189
2020,송파,서울시 송파구 중대로 221,송파구,폭력,65~70,112
2020,송파,서울시 송파구 중대로 221,송파구,폭력,71이상,101
2020,송파,서울시 송파구 중대로 221,송파구,폭력,미상,62
2020,노원,서울시 노원구 노원로 283,노원구,살인,14미만,0
2020,노원,서울시 노원구 노원로 283,노원구,살인,14세,0
2020,노원,서울시 노원구 노원로 283,노원구,살인,15세,0
2020,노원,서울시 노원구 노원로 283,노원구,살인,16세,0
2020,노원,서울시 노원구 노원로 283,노원구,살인,17세,0
2020,노원,서울시 노원구 노원로 283,노원구,살인,18세,0
2020,노원,서울시 노원구 노원로 283,노원구,살인,19세,0
2020,노원,서울시 노원구 노원로 283,노원구,살인,20세,0
2020,노원,서울시 노원구 노원로 283,노원구,살인,21~25,0
2020,노원,서울시 노원구 노원로 283,노원구,살인,26~30,0
2020,노원,서울시 노원구 노원로 283,노원구,살인,31~35,0
2020,노원,서울시 노원구 노원로 283,노원구,살인,36~40,1
2020,노원,서울시 노원구 노원로 283,노원구,살인,41~45,0
2020,노원,서울시 노원구 노원로 283,노원구,살인,46~50,0
2020,노원,서울시 노원구 노원로 283,노원구,살인,51~55,0
2020,노원,서울시 노원구 노원로 283,노원구,살인,56~60,2
2020,노원,서울시 노원구 노원로 283,노원구,살인,61~64,0
2020,노원,서울시 노원구 노원로 283,노원구,살인,65~70,0
2020,노원,서울시 노원구 노원로 283,노원구,살인,71이상,1
2020,노원,서울시 노원구 노원로 283,노원구,살인,미상,0
2020,노원,서울시 노원구 노원로 283,노원구,폭력,14미만,0
2020,노원,서울시 노원구 노원로 283,노원구,폭력,14세,18
2020,노원,서울시 노원구 노원로 283,노원구,폭력,15세,29
2020,노원,서울시 노원구 노원로 283,노원구,폭력,16세,37
2020,노원,서울시 노원구 노원로 283,노원구,폭력,17세,42
2020,노원,서울시 노원구 노원로 283,노원구,폭력,18세,64
2020,노원,서울시 노원구 노원로 283,노원구,폭력,19세,58
2020,노원,서울시 노원구 노원로 283,노원구,폭력,20세,53
2020,노원,서울시 노원구 노원로 283,노원구,폭력,21~25,269
2020,노원,서울시 노원구 노원로 283,노원구,폭력,26~30,190
2020,노원,서울시 노원구 노원로 283,노원구,폭력,31~35,162
2020,노원,서울시 노원구 노원로 283,노원구,폭력,36~40,249
2020,노원,서울시 노원구 노원로 283,노원구,폭력,41~45,293
2020,노원,서울시 노원구 노원로 283,노원구,폭력,46~50,372
2020,노원,서울시 노원구 노원로 283,노원구,폭력,51~55,293
2020,노원,서울시 노원구 노원로 283,노원구,폭력,56~60,287
2020,노원,서울시 노원구 노원로 283,노원구,폭력,61~64,173
2020,노원,서울시 노원구 노원로 283,노원구,폭력,65~70,129
2020,노원,서울시 노원구 노원로 283,노원구,폭력,71이상,133
2020,노원,서울시 노원구 노원로 283,노원구,폭력,미상,13
2020,방배,서울시 서초구 동작대로 204,서초구,살인,14미만,0
2020,방배,서울시 서초구 동작대로 204,서초구,살인,14세,0
2020,방배,서울시 서초구 동작대로 204,서초구,살인,15세,0
2020,방배,서울시 서초구 동작대로 204,서초구,살인,16세,0
2020,방배,서울시 서초구 동작대로 204,서초구,살인,17세,0
2020,방배,서울시 서초구 동작대로 204,서초구,살인,18세,0
2020,방배,서울시 서초구 동작대로 204,서초구,살인,19세,0
2020,방배,서울시 서초구 동작대로 204,서초구,살인,20세,0
2020,방배,서울시 서초구 동작대로 204,서초구,살인,21~25,0
2020,방배,서울시 서초구 동작대로 204,서초구,살인,26~30,0
2020,방배,서울시 서초구 동작대로 204,서초구,살인,31~35,0
2020,방배,서울시 서초구 동작대로 204,서초구,살인,36~40,0
2020,방배,서울시 서초구 동작대로 204,서초구,살인,41~45,0
2020,방배,서울시 서초구 동작대로 204,서초구,살인,46~50,0
2020,방배,서울시 서초구 동작대로 204,서초구,살인,51~55,0
2020,방배,서울시 서초구 동작대로 204,서초구,살인,56~60,1
2020,방배,서울시 서초구 동작대로 204,서초구,살인,61~64,0
2020,방배,서울시 서초구 동작대로 204,서초구,살인,65~70,0
2020,방배,서울시 서초구 동작대로 204,서초구,살인,71이상,0
2020,방배,서울시 서초구 동작대로 204,서초구,살인,미상,0
2020,방배,서울시 서초구 동작대로 204,서초구,폭력,14미만,0
2020,방배,서울시 서초구 동작대로 204,서초구,폭력,14세,1
2020,방배,서울시 서초구 동작대로 204,서초구,폭력,15세,6
2020,방배,서울시 서초구 동작대로 204,서초구,폭력,16세,3
2020,방배,서울시 서초구 동작대로 204,서초구,폭력,17세,3
2020,방배,서울시 서초구 동작대로 204,서초구,폭력,18세,4
2020,방배,서울시 서초구 동작대로 204,서초구,폭력,19세,5
2020,방배,서울시 서초구 동작대로 204,서초구,폭력,20세,12
2020,방배,서울시 서초구 동작대로 204,서초구,폭력,21~25,33
2020,방배,서울시 서초구 동작대로 204,서초구,폭력,26~30,49
2020,방배,서울시 서초구 동작대로 204,서초구,폭력,31~35,56
2020,방배,서울시 서초구 동작대로 204,서초구,폭력,36~40,50
2020,방배,서울시 서초구 동작대로 204,서초구,폭력,41~45,52
2020,방배,서울시 서초구 동작대로 204,서초구,폭력,46~50,83
2020,방배,서울시 서초구 동작대로 204,서초구,폭력,51~55,58
2020,방배,서울시 서초구 동작대로 204,서초구,폭력,56~60,59
2020,방배,서울시 서초구 동작대로 204,서초구,폭력,61~64,52
2020,방배,서울시 서초구 동작대로 204,서초구,폭력,65~70,29
2020,방배,서울시 서초구 동작대로 204,서초구,폭력,71이상,26
2020,방배,서울시 서초구 동작대로 204,서초구,폭력,미상,30
2020,은평,서울시 은평구 연서로 365,은평구,살인,14미만,0
2020,은평,서울시 은평구 연서로 365,은평구,살인,14세,0
2020,은평,서울시 은평구 연서로 365,은평구,살인,15세,0
2020,은평,서울시 은평구 연서로 365,은평구,살인,16세,0
2020,은평,서울시 은평구 연서로 365,은평구,살인,17세,0
2020,은평,서울시 은평구 연서로 365,은평구,살인,18세,0
2020,은평,서울시 은평구 연서로 365,은평구,살인,19세,0
2020,은평,서울시 은평구 연서로 365,은평구,살인,20세,0
2020,은평,서울시 은평구 연서로 365,은평구,살인,21~25,0
2020,은평,서울시 은평구 연서로 365,은평구,살인,26~30,0
2020,은평,서울시 은평구 연서로 365,은평구,살인,31~35,1
2020,은평,서울시 은평구 연서로 365,은평구,살인,36~40,0
2020,은평,서울시 은평구 연서로 365,은평구,살인,41~45,0
2020,은평,서울시 은평구 연서로 365,은평구,살인,46~50,0
2020,은평,서울시 은평구 연서로 365,은평구,살인,51~55,0
2020,은평,서울시 은평구 연서로 365,은평구,살인,56~60,0
2020,은평,서울시 은평구 연서로 365,은평구,살인,61~64,0
2020,은평,서울시 은평구 연서로 365,은평구,살인,65~70,0
2020,은평,서울시 은평구 연서로 365,은평구,살인,71이상,0
2020,은평,서울시 은평구 연서로 365,은평구,살인,미상,0
2020,은평,서울시 은평구 연서로 365,은평구,폭력,14미만,0
2020,은평,서울시 은평구 연서로 365,은평구,폭력,14세,13
2020,은평,서울시 은평구 연서로 365,은평구,폭력,15세,23
2020,은평,서울시 은평구 연서로 365,은평구,폭력,16세,22
2020,은평,서울시 은평구 연서로 365,은평구,폭력,17세,29
2020,은평,서울시 은평구 연서로 365,은평구,폭력,18세,18
2020,은평,서울시 은평구 연서로 365,은평구,폭력,19세,18
2020,은평,서울시 은평구 연서로 365,은평구,폭력,20세,12
2020,은평,서울시 은평구 연서로 365,은평구,폭력,21~25,108
2020,은평,서울시 은평구 연서로 365,은평구,폭력,26~30,123
2020,은평,서울시 은평구 연서로 365,은평구,폭력,31~35,100
2020,은평,서울시 은평구 연서로 365,은평구,폭력,36~40,136
2020,은평,서울시 은평구 연서로 365,은평구,폭력,41~45,139
2020,은평,서울시 은평구 연서로 365,은평구,폭력,46~50,174
2020,은평,서울시 은평구 연서로 365,은평구,폭력,51~55,159
2020,은평,서울시 은평구 연서로 365,은평구,폭력,56~60,169
2020,은평,서울시 은평구 연서로 365,은평구,폭력,61~64,91
2020,은평,서울시 은평구 연서로 365,은평구,폭력,65~70,61
2020,은평,서울시 은평구 연서로 365,은평구,폭력,71이상,68
2020,은평,서울시 은평구 연서로 365,은평구,폭력,미상,21
2020,도봉,서울시 도봉구 노해로 403,도봉구,살인,14미만,0
2020,도봉,서울시 도봉구 노해로 403,도봉구,살인,14세,0
2020,도봉,서울시 도봉구 노해로 403,도봉구,살인,15세,0
2020,도봉,서울시 도봉구 노해로 403,도봉구,살인,16세,0
2020,도봉,서울시 도봉구 노해로 403,도봉구,살인,17세,0
2020,도봉,서울시 도봉구 노해로 403,도봉구,살인,18세,0
2020,도봉,서울시 도봉구 노해로 403,도봉구,살인,19세,0
2020,도봉,서울시 도봉구 노해로 403,도봉구,살인,20세,0
2020,도봉,서울시 도봉구 노해로 403,도봉구,살인,21~25,0
2020,도봉,서울시 도봉구 노해로 403,도봉구,살인,26~30,0
2020,도봉,서울시 도봉구 노해로 403,도봉구,살인,31~35,0
2020,도봉,서울시 도봉구 노해로 403,도봉구,살인,36~40,0
2020,도봉,서울시 도봉구 노해로 403,도봉구,살인,41~45,0
2020,도봉,서울시 도봉구 노해로 403,도봉구,살인,46~50,1
2020,도봉,서울시 도봉구 노해로 403,도봉구,살인,51~55,0
2020,도봉,서울시 도봉구 노해로 403,도봉구,살인,56~60,0
2020,도봉,서울시 도봉구 노해로 403,도봉구,살인,61~64,0
2020,도봉,서울시 도봉구 노해로 403,도봉구,살인,65~70,0
2020,도봉,서울시 도봉구 노해로 403,도봉구,살인,71이상,0
2020,도봉,서울시 도봉구 노해로 403,도봉구,살인,미상,0
2020,도봉,서울시 도봉구 노해로 403,도봉구,폭력,14미만,0
2020,도봉,서울시 도봉구 노해로 403,도봉구,폭력,14세,10
2020,도봉,서울시 도봉구 노해로 403,도봉구,폭력,15세,16
2020,도봉,서울시 도봉구 노해로 403,도봉구,폭력,16세,26
2020,도봉,서울시 도봉구 노해로 403,도봉구,폭력,17세,16
2020,도봉,서울시 도봉구 노해로 403,도봉구,폭력,18세,16
2020,도봉,서울시 도봉구 노해로 403,도봉구,폭력,19세,16
2020,도봉,서울시 도봉구 노해로 403,도봉구,폭력,20세,22
2020,도봉,서울시 도봉구 노해로 403,도봉구,폭력,21~25,90
2020,도봉,서울시 도봉구 노해로 403,도봉구,폭력,26~30,91
2020,도봉,서울시 도봉구 노해로 403,도봉구,폭력,31~35,105
2020,도봉,서울시 도봉구 노해로 403,도봉구,폭력,36~40,110
2020,도봉,서울시 도봉구 노해로 403,도봉구,폭력,41~45,129
2020,도봉,서울시 도봉구 노해로 403,도봉구,폭력,46~50,167
2020,도봉,서울시 도봉구 노해로 403,도봉구,폭력,51~55,201
2020,도봉,서울시 도봉구 노해로 403,도봉구,폭력,56~60,172
2020,도봉,서울시 도봉구 노해로 403,도봉구,폭력,61~64,81
2020,도봉,서울시 도봉구 노해로 403,도봉구,폭력,65~70,74
2020,도봉,서울시 도봉구 노해로 403,도봉구,폭력,71이상,74
2020,도봉,서울시 도봉구 노해로 403,도봉구,폭력,미상,29
2020,수서,서울시 강남구 개포로 617,강남구,살인,14미만,0
2020,수서,서울시 강남구 개포로 617,강남구,살인,14세,0
2020,수서,서울시 강남구 개포로 617,강남구,살인,15세,0
2020,수서,서울시 강남구 개포로 617,강남구,살인,16세,0
2020,수서,서울시 강남구 개포로 617,강남구,살인,17세,0
2020,수서,서울시 강남구 개포로 617,강남구,살인,18세,0
2020,수서,서울시 강남구 개포로 617,강남구,살인,19세,0
2020,수서,서울시 강남구 개포로 617,강남구,살인,20세,0
2020,수서,서울시 강남구 개포로 617,강남구,살인,21~25,0
2020,수서,서울시 강남구 개포로 617,강남구,살인,26~30,0
2020,수서,서울시 강남구 개포로 617,강남구,살인,31~35,0
2020,수서,서울시 강남구 개포로 617,강남구,살인,36~40,1
2020,수서,서울시 강남구 개포로 617,강남구,살인,41~45,0
2020,수서,서울시 강남구 개포로 617,강남구,살인,46~50,0
2020,수서,서울시 강남구 개포로 617,강남구,살인,51~55,0
2020,수서,서울시 강남구 개포로 617,강남구,살인,56~60,0
2020,수서,서울시 강남구 개포로 617,강남구,살인,61~64,0
2020,수서,서울시 강남구 개포로 617,강남구,살인,65~70,0
2020,수서,서울시 강남구 개포로 617,강남구,살인,71이상,0
2020,수서,서울시 강남구 개포로 617,강남구,살인,미상,0
2020,수서,서울시 강남구 개포로 617,강남구,폭력,14미만,0
2020,수서,서울시 강남구 개포로 617,강남구,폭력,14세,18
2020,수서,서울시 강남구 개포로 617,강남구,폭력,15세,16
2020,수서,서울시 강남구 개포로 617,강남구,폭력,16세,8
2020,수서,서울시 강남구 개포로 617,강남구,폭력,17세,13
2020,수서,서울시 강남구 개포로 617,강남구,폭력,18세,21
2020,수서,서울시 강남구 개포로 617,강남구,폭력,19세,15
2020,수서,서울시 강남구 개포로 617,강남구,폭력,20세,20
2020,수서,서울시 강남구 개포로 617,강남구,폭력,21~25,119
2020,수서,서울시 강남구 개포로 617,강남구,폭력,26~30,188
2020,수서,서울시 강남구 개포로 617,강남구,폭력,31~35,177
2020,수서,서울시 강남구 개포로 617,강남구,폭력,36~40,204
2020,수서,서울시 강남구 개포로 617,강남구,폭력,41~45,181
2020,수서,서울시 강남구 개포로 617,강남구,폭력,46~50,210
2020,수서,서울시 강남구 개포로 617,강남구,폭력,51~55,188
2020,수서,서울시 강남구 개포로 617,강남구,폭력,56~60,154
2020,수서,서울시 강남구 개포로 617,강남구,폭력,61~64,98
2020,수서,서울시 강남구 개포로 617,강남구,폭력,65~70,81
2020,수서,서울시 강남구 개포로 617,강남구,폭력,71이상,42
2020,수서,서울시 강남구 개포로 617,강남구,폭력,미상,58
